First Name,Last Name,Patient ID,,,,,,,
Mechelle,Stoneman,MS3376103,,,,,,, 
Tyesha,Freitag,TF8526932,,,,,,, 
Dean,Stoecker,DS8500384,,,,,,, 
Annelle,Pickney,AP2765481,,,,,,, 
Margareta,Tacy,MT2433153,,,,,,, 
Meghann,Placencia,MP6943020,,,,,,, 
Kendrick,Cieslak,KC8317353,,,,,,, 
Polly,Isenberg,PI3220115,,,,,,, 
Evelyne,Racicot,ER8438527,,,,,,, 
Augustus,Delaune,AD3984007,,,,,,, 
Shawanda,Client,SC1621596,,,,,,, 
Loura,Coffield,LC2366007,,,,,,, 
Lorriane,Machin,LM1375208,,,,,,, 
Lacey,Osier,LO5431529,,,,,,, 
Nicki,Malchow,NM1268876,,,,,,, 
Sidney,Bodiford,SB4371975,,,,,,, 
Barbie,Cun,BC2107533,,,,,,, 
Elden,Hanshaw,EH9951388,,,,,,, 
Blossom,Loggins,BL6250459,,,,,,, 
Joseph,Dennie,JD8656401,,,,,,, 
Pattie,Markley,PM2558126,,,,,,, 
Genevieve,Spahn,GS2372779,,,,,,, 
Luciano,Jaworski,LJ9798942,,,,,,, 
Noe,Mahler,NM8292325,,,,,,, 
Karri,Bransford,KB4244633,,,,,,, 
Larae,Bonney,LB2603231,,,,,,, 
Sharita,Fierros,SF7009486,,,,,,, 
Frederica,Perla,FP5880196,,,,,,, 
Mara,Elder,ME9375757,,,,,,, 
Enola,Volz,EV1378531,,,,,,, 
Leslie,Mccardell,LM7770575,,,,,,, 
Gina,Coria,GC1865769,,,,,,, 
Marietta,Taing,MT3750634,,,,,,, 
Karlyn,Buchholtz,KB4479620,,,,,,, 
Herma,Renken,HR4918588,,,,,,, 
Gertrud,Gillispie,GG6151650,,,,,,, 
Kelsie,Lavoie,KL2204520,,,,,,, 
Selena,Jenney,SJ4309327,,,,,,, 
Teri,Schooley,TS6414890,,,,,,, 
Lizette,Campana,LC7059700,,,,,,, 
Mayra,Luby,ML4192043,,,,,,, 
Luisa,Finneran,LF2511549,,,,,,, 
Genoveva,Herrod,GH9874422,,,,,,, 
Tandra,Toon,TT3020732,,,,,,, 
Zoe,Mangrum,ZM2488661,,,,,,, 
Marquerite,Salaam,MS9304677,,,,,,, 
Alva,Fonte,AF4634648,,,,,,, 
Maudie,Cage,MC4377239,,,,,,, 
Hilde,Greaves,HG8476230,,,,,,, 
Christiana,Rippe,CR2651785,,,,,,, 
Bulah,Warr,BW8646858,,,,,,,
Azzie,Stolte,AS9742339,,,,,,,
Sharri,Whistler,SW2705845,,,,,,,
Rebecka,Holliman,RH9888917,,,,,,,
Bryce,Muse,BM1769162,,,,,,,
Merideth,Marcus,MM1268114,,,,,,,
Nova,Boden,NB5707165,,,,,,,
Granville,Watchman,GW8597900,,,,,,,
Marquerite,Dearborn,MD4964036,,,,,,,
Arielle,Ketcham,AK6755184,,,,,,,
Shona,Buggs,SB3409226,,,,,,,
Aleta,Ciesla,AC7553978,,,,,,,
Jenni,Wichman,JW5205034,,,,,,,
Cuc,Phinney,CP1871111,,,,,,,
Danica,Fleig,DF3015422,,,,,,,
Shaquana,Emigh,SE5434524,,,,,,,
Brinda,Master,BM1736267,,,,,,,
Janell,Hinojos,JH6610376,,,,,,,
Karri,Celestin,KC7645466,,,,,,,
Enid,Bouley,EB2345897,,,,,,,
Desire,Klenke,DK2845233,,,,,,,
Brian,Chamberlain,BC4174479,,,,,,,
Kristeen,Farabaugh,KF5112455,,,,,,,
Gilda,Vanatta,GV9267999,,,,,,,
Princess,Bumbrey,PB2247573,,,,,,,
Earlie,Townson,ET9958345,,,,,,,
Fumiko,Laliberte,FL5326433,,,,,,,
Sherie,Chason,SC3767339,,,,,,,
Gricelda,Maravilla,GM4834442,,,,,,,
Serafina,Knoll,SK7107116,,,,,,,
Sachiko,Younkin,SY1262195,,,,,,,
Jena,Noles,JN7440545,,,,,,,
Shelby,Wiser,SW9921310,,,,,,,
Margareta,Spies,MS6967821,,,,,,,
Dinorah,Furey,DF9976476,,,,,,,
Kiyoko,Lechuga,KL9142188,,,,,,,
Danny,Kreger,DK8815570,,,,,,,
Nolan,Fenwick,NF3487951,,,,,,,
Lesli,Unrein,LU7569671,,,,,,,
Donya,Bartle,DB1936792,,,,,,,
Palma,Flanery,PF1717346,,,,,,,
Kenny,Clothier,KC9841786,,,,,,,
Kristen,Lossing,KL8881638,,,,,,,
Karoline,Felix,KF1345506,,,,,,,
Alan,Voll,AV7418452,,,,,,,
Glenda,Woolfolk,GW4454729,,,,,,,
Alyson,Hosack,AH1121610,,,,,,,
Francis,Sines,FS1021294,,,,,,,
Riley,Bagnall,RB7018160,,,,,,,
Carmina,Camp,CC3024932,,,,,,,
Alethia,Tiemann,AT9034357,,,,,,,
Deborah,Molinar,DM5441043,,,,,,,
Marvella,Huckstep,MH1300809,,,,,,,
Sallie,Briley,SB2815106,,,,,,,
Scottie,Backer,SB9800914,,,,,,,
Beatriz,Kinsey,BK9649957,,,,,,,
Mason,Carrow,MC8511046,,,,,,,
Regenia,Blish,RB4627629,,,,,,,
Necole,Faria,NF4021276,,,,,,,
Samantha,Hadfield,SH5179326,,,,,,,
Lida,Sing,LS3929918,,,,,,,
Bette,Church,BC9449288,,,,,,,
Illa,Friscia,IF1414573,,,,,,,
Magdalena,Clabaugh,MC3008289,,,,,,,
Sol,Lemley,SL7677714,,,,,,,
Angelyn,Nave,AN5358918,,,,,,,
Lorie,Hempstead,LH8225418,,,,,,,
Darlena,Brubaker,DB8739302,,,,,,,
Ivory,Almonte,IA6926307,,,,,,,
Keva,Sauage,KS8209520,,,,,,,
Krystin,Morita,KM6977938,,,,,,,
Margarito,Hintzen,MH5103229,,,,,,,
Alanna,Gillispie,AG3326806,,,,,,,
Alayna,Rosenblatt,AR8350833,,,,,,,
Deeann,Thomsen,DT1274674,,,,,,,
Guy,Moulton,GM2993376,,,,,,,
Ming,Scudder,MS5297196,,,,,,,
Mickey,Espino,ME3384308,,,,,,,
Mellissa,Mortimore,MM6471353,,,,,,,
Lesia,Stoute,LS9182774,,,,,,,
Pauletta,Murton,PM5285153,,,,,,,
Solomon,Chamberlin,SC2118667,,,,,,,
Neville,Yocom,NY4817474,,,,,,,
Vera,Edmiston,VE4551047,,,,,,,
Lawerence,Amburn,LA9649072,,,,,,,
Cedrick,Agnew,CA7820329,,,,,,,
Melinda,Kuchta,MK8564590,,,,,,,
Alma,Gelinas,AG9596520,,,,,,,
Francis,Sikes,FS3066070,,,,,,,
Minerva,Giles,MG5430558,,,,,,,
Nikki,Iskra,NI3009636,,,,,,,
Lore,Coil,LC5762161,,,,,,,
Marlena,Craner,MC3859755,,,,,,,
Darius,Trojacek,DT3308408,,,,,,,
Sade,Gasaway,SG3030555,,,,,,,
Sybil,Rahman,SR1352256,,,,,,,
Zoraida,Sumner,ZS5664012,,,,,,,
Raina,Mccrae,RM1954504,,,,,,,
Elsa,Mcspadden,EM2980576,,,,,,,
Bernadine,Chung,BC2999381,,,,,,,
Francie,Frase,FF5134212,,,,,,,
Mariana,Vavra,MV5197859,,,,,,,
Nakita,Primer,NP1595342,,,,,,,
Aletha,Hardesty,AH4576699,,,,,,,
Dwain,Sargeant,DS5163862,,,,,,,
Thea,Hubbs,TH9093093,,,,,,,
Caleb,Peters,CP2569759,,,,,,,
Sparkle,Kaestner,SK4521642,,,,,,,
Narcisa,Hsieh,NH4517622,,,,,,,
Sherwood,Vanalstyne,SV8694870,,,,,,,
Jeanice,Joy,JJ7344301,,,,,,,
Bert,Riter,BR2948334,,,,,,,
Dorotha,Aldinger,DA2979919,,,,,,,
Anisha,Thomson,AT8854260,,,,,,,
Rufus,Amerine,RA3235318,,,,,,,
Roslyn,Alaimo,RA9848312,,,,,,,
Noelle,Raybon,NR2780513,,,,,,,
Shanae,Hanger,SH1454044,,,,,,,
William,Hopf,WH7873761,,,,,,,
Adolfo,Bella,AB9108767,,,,,,,
Xenia,Schubert,XS2333998,,,,,,,
Brenton,Tokarski,BT2076333,,,,,,,
Hal,Bender,HB8723430,,,,,,,
Geraldine,Border,GB8639943,,,,,,,
Setsuko,Pardo,SP8107467,,,,,,,
Meghan,Sydnor,MS5654741,,,,,,,
Lavern,Gard,LG9464442,,,,,,,
Cyrus,Beckham,CB6160851,,,,,,,
Leeanne,Fortunato,LF7522970,,,,,,,
Nilda,Deyoung,ND1079651,,,,,,,
Marylee,Greenburg,MG1285547,,,,,,,
Gay,Aubert,GA9065784,,,,,,,
Janel,Carley,JC4868090,,,,,,,
Damaris,Nestle,DN6958810,,,,,,,
Jeanine,Hoerr,JH7673789,,,,,,,
Wiley,Scotto,WS4580558,,,,,,,
Dian,Cobian,DC2074005,,,,,,,
Brendan,Zilnicki,BZ5685039,,,,,,,
Mana,Seegmiller,MS1764632,,,,,,,
Flavia,Nitta,FN4870988,,,,,,,
Humberto,Ware,HW9921204,,,,,,,
Ned,Permenter,NP4957476,,,,,,,
Albertina,Junkin,AJ1357219,,,,,,,
Rosia,Duron,RD9469806,,,,,,,
Kena,Stallings,KS4396233,,,,,,,
Lolita,Pringle,LP9510005,,,,,,,
Kristen,Gilley,KG1787916,,,,,,,
Genaro,Koga,GK5280214,,,,,,,
Suzanna,Putman,SP6389571,,,,,,,
Candy,Konieczny,CK5972717,,,,,,,
Ozella,Conner,OC3534127,,,,,,,
Leonel,Hock,LH8227974,,,,,,,
Vannesa,Millard,VM4492149,,,,,,,
Melonie,Villacorta,MV5314404,,,,,,,
Dorine,Zeitler,DZ4816296,,,,,,,
Bridget,Conyers,BC7393328,,,,,,,
Jacklyn,Dyment,JD8976721,,,,,,,
Felicita,Maclachlan,FM1433335,,,,,,,
Herbert,Gamache,HG6052773,,,,,,,
Antonietta,Llewellyn,AL7064234,,,,,,,
Pennie,Alling,PA6019863,,,,,,,
Laree,Kay,LK8270335,,,,,,,
Antonio,Navarette,AN9130283,,,,,,,
Steve,Mainor,SM8682050,,,,,,,
Gertrud,Sather,GS8219877,,,,,,,
Nan,Beverley,NB3866828,,,,,,,
Walter,Belford,WB7626364,,,,,,,
Colby,Hobart,CH3817197,,,,,,,
Patrick,Nocera,PN6312109,,,,,,,
Hilary,Modeste,HM5514718,,,,,,,
Elke,Licht,EL1590286,,,,,,,
Faustina,Dunson,FD3264505,,,,,,,
Tara,Clingman,TC6439733,,,,,,,
Elva,Hochmuth,EH1822210,,,,,,,
Opal,Groover,OG7270474,,,,,,,
Maryln,Ferris,MF7417531,,,,,,,
Katrina,Almon,KA5934207,,,,,,,
Stephane,Labelle,SL3262338,,,,,,,
Christene,Gloria,CG1713529,,,,,,,
Araceli,Majewski,AM1509614,,,,,,,
Marilou,Funderburg,MF9146120,,,,,,,
America,Tocci,AT5835644,,,,,,,
Erich,Ragin,ER5827543,,,,,,,
Neoma,Pellegrino,NP6305647,,,,,,,
Sid,Lamore,SL9984544,,,,,,,
Stella,Morman,SM2189261,,,,,,,
Ha,Durrah,HD8287948,,,,,,,
Chantel,Absher,CA1045386,,,,,,,
Torri,Wert,TW9661895,,,,,,,
Michelina,Holscher,MH1294787,,,,,,,
Verlene,Arviso,VA1467043,,,,,,,
Lois,Tew,LT9353339,,,,,,,
Miguelina,Hoyte,MH3232247,,,,,,,
Evelina,Willaert,EW9001465,,,,,,,
Ranae,Topp,RT1600088,,,,,,,
Carolann,Veasley,CV3483613,,,,,,,
Jeannette,Gravelle,JG9847712,,,,,,,
Lenita,Slevin,LS2808089,,,,,,,
Valentina,Quinby,VQ7916819,,,,,,,
Latoyia,Bushway,LB8051528,,,,,,,
Keitha,Wold,KW5433471,,,,,,,
Flora,Plascencia,FP1903960,,,,,,,
Azucena,Herder,AH3458039,,,,,,,
Kathi,Lilienthal,KL3453322,,,,,,,
Andrea,Saine,AS3324620,,,,,,,
Shawna,Riviera,SR1142845,,,,,,,
Nolan,Harwell,NH6406662,,,,,,,
Jennell,Leverich,JL7174508,,,,,,,
Birgit,Puente,BP2231245,,,,,,,
Gerry,Medal,GM6812279,,,,,,,
Palma,Sample,PS1013653,,,,,,,
Annalisa,Rotolo,AR7406687,,,,,,,
Eilene,Jolly,EJ2337426,,,,,,,
Kathey,Keep,KK8910656,,,,,,,
Fanny,Dutra,FD3562464,,,,,,,
Leanne,Proto,LP8938715,,,,,,,
Traci,Heier,TH4498859,,,,,,,
Jennette,Everett,JE4166502,,,,,,,
Levi,Sharpton,LS9056030,,,,,,,
Jackson,Sills,JS7776143,,,,,,,
Fabiola,Virden,FV1330065,,,,,,,
Wan,Zajac,WZ9668209,,,,,,,
Franklin,Kruger,FK5285090,,,,,,,
Delcie,Graffam,DG1189549,,,,,,,
Yolonda,Jorgenson,YJ7241510,,,,,,,
Kraig,Grove,KG1017145,,,,,,,
Joanna,Westman,JW9913491,,,,,,,
Luetta,Wyse,LW2935056,,,,,,,
Nana,Neilsen,NN3692678,,,,,,,
Elidia,Gillett,EG6109477,,,,,,,
Lien,Brigmond,LB2172530,,,,,,,
Meaghan,Majeed,MM8909257,,,,,,,
Dominica,Lanterman,DL1117481,,,,,,,
Cami,Ryals,CR9854569,,,,,,,
Caroline,Fleischer,CF2139476,,,,,,,
Joyce,Pleasant,JP2878852,,,,,,,
Kyung,Hearne,KH9552448,,,,,,,
Ranee,Boomhower,RB9049644,,,,,,,
Jong,Steele,JS5958780,,,,,,,
Benton,Duty,BD3375713,,,,,,,
Margrett,Hanks,MH4096471,,,,,,,
Sherwood,Lingenfelter,SL9255635,,,,,,,
Livia,Starr,LS8547483,,,,,,,
Edna,Holt,EH2917504,,,,,,,
Denise,Balser,DB2157629,,,,,,,
Rolf,Galley,RG6048576,,,,,,,
Enedina,Mika,EM2016117,,,,,,,
Brandon,Authement,BA9143226,,,,,,,
Afton,Dees,AD5217597,,,,,,,
Cecile,Kealey,CK9426755,,,,,,,
Dusty,Bickel,DB4699202,,,,,,,
Nichelle,Wasko,NW3885336,,,,,,,
Leeanna,Gregson,LG4225066,,,,,,,
Perry,Daigneault,PD3526340,,,,,,,
Solange,Borror,SB4689716,,,,,,,
Jamey,Kirwin,JK5229375,,,,,,,
Jani,Foulds,JF5430079,,,,,,,
Ted,Hartig,TH1610745,,,,,,,
Grace,Fitch,GF2366896,,,,,,,
Idalia,Peluso,IP6684124,,,,,,,
Gerri,Rotter,GR1253804,,,,,,,
Mervin,Woolum,MW2031724,,,,,,,
Nobuko,Bialek,NB2929431,,,,,,,
Kizzy,Mancil,KM9404572,,,,,,,
Nelda,Lucian,NL1755134,,,,,,,
Odessa,Marshburn,OM7343429,,,,,,,
Armida,Johanson,AJ4876293,,,,,,,
Yang,Lubinski,YL4307983,,,,,,,
Luciana,Breneman,LB5262524,,,,,,,
Joaquin,Southworth,JS1978443,,,,,,,
Madalyn,Pettiford,MP5909511,,,,,,,
Annika,Seamon,AS4310303,,,,,,,
Deanna,Cleek,DC8092974,,,,,,,
Lynn,Clifton,LC8692087,,,,,,,
Horacio,Gilford,HG7819372,,,,,,,
Silvana,Gosier,SG8568617,,,,,,,
Casimira,Bakker,CB7874619,,,,,,,
Milagros,Hixson,MH7358248,,,,,,,
Vaughn,Revilla,VR2245526,,,,,,,
Cornelia,Holly,CH7558075,,,,,,,
Maryanna,Klemme,MK2395310,,,,,,,
Ines,Breeden,IB8582654,,,,,,,
Bill,Kuhlmann,BK8366173,,,,,,,
Ilda,Bethel,IB1203852,,,,,,,
Norene,Boudreau,NB9351994,,,,,,,
Sheron,Lefever,SL8541641,,,,,,,
Stefany,Pietrzak,SP1526106,,,,,,,
Cathleen,Brawn,CB7680765,,,,,,,
Loriann,Wedeking,LW4839146,,,,,,,
Jonathon,Red,JR4772370,,,,,,,
Genie,Muma,GM7777814,,,,,,,
Arletha,Badalamenti,AB6626187,,,,,,,
Elza,Buser,EB3744298,,,,,,,
Alaina,Lykes,AL3085056,,,,,,,
Pamula,Dalzell,PD8516303,,,,,,,
Maricela,Jhonson,MJ1854456,,,,,,,
Audry,Mcgarr,AM7322797,,,,,,,
Kyla,Bingaman,KB3828276,,,,,,,
Shyla,Tubman,ST1069204,,,,,,,
Scottie,Felton,SF4117990,,,,,,,
Terrance,Joy,TJ7759377,,,,,,,
Yee,Trieu,YT3669836,,,,,,,
Houston,Oller,HO6799338,,,,,,,
Ladawn,Ates,LA7898934,,,,,,,
Marylouise,Dorn,MD3558481,,,,,,,
Rex,Merriam,RM6624474,,,,,,,
Rosetta,Heidenreich,RH8135033,,,,,,,
Billye,Serafin,BS1683429,,,,,,,
Brittaney,Hermes,BH3467676,,,,,,,
Nannie,Colligan,NC3054522,,,,,,,
Emmy,Gallaway,EG5032295,,,,,,,
Giselle,Lou,GL8689077,,,,,,,
Pam,Melendez,PM5522957,,,,,,,
Julius,Blazek,JB7518703,,,,,,,
Krystina,Lucca,KL5758782,,,,,,,
Raisa,Musgrove,RM1958197,,,,,,,
Carmelo,Wain,CW1276328,,,,,,,
Kera,Gilkison,KG7354072,,,,,,,
Xavier,Trotta,XT8082144,,,,,,,
Florance,Lawhon,FL5458300,,,,,,,
Albertha,Digennaro,AD3888974,,,,,,,
Andra,Bevel,AB6727717,,,,,,,
Winford,Hamlin,WH6020451,,,,,,,
Bonny,Horney,BH3620806,,,,,,,
Codi,Garrels,CG7998183,,,,,,,
Kristeen,Warman,KW1813028,,,,,,,
Trinidad,Graziano,TG6989560,,,,,,,
Viva,Roda,VR1033679,,,,,,,
Manual,Vales,MV7131549,,,,,,,
Brendon,Puente,BP7024076,,,,,,,
Nathalie,Devita,ND1836870,,,,,,,
Zelda,Ogren,ZO3230754,,,,,,,
Sadie,Hazelton,SH6011205,,,,,,,
Vinnie,Bains,VB2469041,,,,,,,
Frederick,Rankins,FR2984476,,,,,,,
Trish,Vickers,TV2972350,,,,,,,
Masako,Allman,MA3352529,,,,,,,
Ferne,Villalpando,FV6534876,,,,,,,
Elna,Kowal,EK8714921,,,,,,,
Aaron,Castello,AC4097832,,,,,,,
Gerard,Barrientos,GB7437237,,,,,,,
Wes,Imel,WI6894405,,,,,,,
Stella,Sears,SS4684503,,,,,,,
Josette,Vavra,JV2940936,,,,,,,
Guadalupe,Linen,GL6335945,,,,,,,
Jeremiah,Damiani,JD2122834,,,,,,,
Roxy,Lauber,RL6401759,,,,,,,
Federico,Biros,FB1187685,,,,,,,
Sol,Dantonio,SD8649108,,,,,,,
Lucas,Anchondo,LA9749808,,,,,,,
Ok,Then,OT7007627,,,,,,,
Mei,Vaz,MV1055642,,,,,,,
Janelle,Haddox,JH3607425,,,,,,,
Donald,Trollinger,DT3960682,,,,,,,
Shakira,Moreles,SM8236324,,,,,,,
Crista,Cuccia,CC8075507,,,,,,,
Phung,Dinh,PD7214587,,,,,,,
Paul,Lockett,PL6650100,,,,,,,
Merlyn,Hults,MH6246345,,,,,,,
Kym,Rotter,KR2577736,,,,,,,
Jocelyn,Akey,JA9561339,,,,,,,
Yukiko,Furtado,YF8676247,,,,,,,
Sonny,Wilner,SW2787462,,,,,,,
Verna,Beller,VB9868057,,,,,,,
Hai,Lippert,HL8464221,,,,,,,
Deeann,Burdette,DB3086851,,,,,,,
Londa,Gamache,LG4318757,,,,,,,
Shaina,Sentell,SS1117582,,,,,,,
Dominick,Dolson,DD5113156,,,,,,,
Len,Bufford,LB6505092,,,,,,,
Luvenia,Mattis,LM9457577,,,,,,,
Alysa,Harlow,AH9698954,,,,,,,
Eliz,Jennings,EJ2358858,,,,,,,
Claris,Lamons,CL9007951,,,,,,,
Vina,Uhlig,VU9214244,,,,,,,
Glendora,Hemminger,GH7410965,,,,,,,
Nelly,Hardman,NH1015979,,,,,,,
Cinda,Hargett,CH1415500,,,,,,,
Clarinda,Pett,CP5604454,,,,,,,
Aisha,Waller,AW8473560,,,,,,,
Carina,Maybee,CM9956620,,,,,,,
Joanna,Savoy,JS1776611,,,,,,,
Kayleen,Watts,KW4052930,,,,,,,
Tobias,Wronski,TW1795193,,,,,,,
Karrie,Gust,KG6901971,,,,,,,
Migdalia,Schimmel,MS6935606,,,,,,,
Markita,Morphis,MM2830513,,,,,,,
Sid,Welk,SW4205313,,,,,,,
Iliana,Strauch,IS2888743,,,,,,,
Tawana,Showers,TS9345322,,,,,,,
Keren,Godbout,KG9158928,,,,,,,
Laureen,Wrinkle,LW6116607,,,,,,,
Grady,Kellogg,GK9040726,,,,,,,
Ulrike,Gurley,UG7214569,,,,,,,
Gracie,Rawlings,GR8868447,,,,,,,
Margurite,Knebel,MK2680317,,,,,,,
Claud,Lecompte,CL3870054,,,,,,,
Cole,Vanhouten,CV6371354,,,,,,,
Frances,Lloyd,FL8972405,,,,,,,
Lakendra,Schlottmann,LS4003653,,,,,,,
Rocky,Pridmore,RP7070720,,,,,,,
Esmeralda,Platts,EP7261684,,,,,,,
Rod,Kropf,RK2808434,,,,,,,
Marilynn,Speer,MS3340628,,,,,,,
Ira,Melendez,IM5217535,,,,,,,
Hae,Leininger,HL3571648,,,,,,,
Melita,Hiemstra,MH5800506,,,,,,,
Jacquetta,Baillargeon,JB8255801,,,,,,,
Lucio,Shahid,LS8579654,,,,,,,
Travis,Hamlett,TH9502969,,,,,,,
Mariko,Lemoine,ML3257805,,,,,,,
Janina,Jennison,JJ2155793,,,,,,,
Marina,Ocon,MO4267213,,,,,,,
Laurette,Crumpler,LC6919859,,,,,,,
Britteny,Frierson,BF5674024,,,,,,,
Kerri,Grizzle,KG2720592,,,,,,,
Trudi,Deshazo,TD9476726,,,,,,,
Keitha,Muncy,KM3057003,,,,,,,
Gerri,Gargano,GG9287754,,,,,,,
Lin,Veliz,LV8327472,,,,,,,
Camelia,Drennen,CD4221491,,,,,,,
Tatyana,Reeser,TR5202195,,,,,,,
Felisa,Campo,FC6541453,,,,,,,
Tyler,Frandsen,TF9339963,,,,,,,
Mickey,Warfield,MW7723854,,,,,,,
Buster,Defilippo,BD1415604,,,,,,,
Lorine,Mchargue,LM9922135,,,,,,,
Alpha,Wicker,AW8310681,,,,,,,
Alesha,Borey,AB6162076,,,,,,,
Pattie,Remo,PR3273272,,,,,,,
Yang,Granillo,YG5699573,,,,,,,
Lynn,Sax,LS2207653,,,,,,,
Rosio,Hoard,RH4273989,,,,,,,
Cherri,Jasinski,CJ6517798,,,,,,,
Phoebe,Plotner,PP8642639,,,,,,,
Silas,Selvy,SS8160170,,,,,,,
Georgette,Chism,GC1982022,,,,,,,
Lakiesha,Hightower,LH5933163,,,,,,,
Tona,Koss,TK5482183,,,,,,,
Lorette,Rotondo,LR6086348,,,,,,,
Lorinda,Bethke,LB9809930,,,,,,,
Arlen,Clinard,AC5387685,,,,,,,
Lesley,Lipton,LL4182457,,,,,,,
Rosanne,Mayers,RM3652856,,,,,,,
Selina,Leffler,SL5042457,,,,,,,
Milford,Sang,MS8305189,,,,,,,
Geraldine,Crimmins,GC7630681,,,,,,,
Veta,Crochet,VC1732028,,,,,,,
Haley,Warwick,HW8394314,,,,,,,
Dulcie,Wehmeyer,DW8241711,,,,,,,
Hallie,Swiger,HS5862954,,,,,,,
Reyna,Bourgault,RB2547364,,,,,,,
Lynda,Payan,LP8430030,,,,,,,
Stephaine,Coulter,SC5168311,,,,,,,
Fatima,Seaton,FS4238421,,,,,,,
Deeann,Balboa,DB2101326,,,,,,,
Jacquelyne,Knipe,JK7412541,,,,,,,
Migdalia,Killingsworth,MK3359927,,,,,,,
Silas,Elfrink,SE3926151,,,,,,,
Su,Mcmillin,SM7306578,,,,,,,
Charlesetta,Sillman,CS7711417,,,,,,,
Sandee,Hanna,SH6185698,,,,,,,
Manual,Steil,MS8150375,,,,,,,
Delmer,Zielinski,DZ6737517,,,,,,,
Alla,Cann,AC2521668,,,,,,,
Nena,Sarabia,NS8463136,,,,,,,
Sebastian,Harn,SH3030694,,,,,,,
Consuela,Aikins,CA7851741,,,,,,,
Alissa,Chambers,AC5269310,,,,,,,
Hilary,Seabrooks,HS6679176,,,,,,,
Eufemia,Rossetti,ER4429587,,,,,,,
John,Belmont,JB6154110,,,,,,,
Mona,Mazzoni,MM1804325,,,,,,,
Sonya,Molnar,SM1228203,,,,,,,
Ozell,Weir,OW5828219,,,,,,,
Sanford,Dungy,SD6718418,,,,,,,
Vito,Mackin,VM9920319,,,,,,,
Evelina,Tallon,ET7772031,,,,,,,
Paulene,Gobeil,PG7502861,,,,,,,
Angla,Hartzler,AH7065547,,,,,,,
Bulah,Wark,BW5310540,,,,,,,
Lorean,Ogan,LO1699577,,,,,,,
Dorothy,Steger,DS9609877,,,,,,,
Benny,Kosinski,BK9795041,,,,,,,
Rasheeda,Buell,RB3869886,,,,,,,
Aracely,Engler,AE3399599,,,,,,,
Becky,Copland,BC1115791,,,,,,,
Annamaria,Donadio,AD3194519,,,,,,,
Burt,Maciel,BM3994865,,,,,,,
Bethany,Mcmanis,BM2777213,,,,,,,
Adrianna,Goodwill,AG8160893,,,,,,,
Delsie,Rockhill,DR4053348,,,,,,,
Emanuel,Motz,EM2723555,,,,,,,
Duane,Mojarro,DM8301420,,,,,,,
Estefana,Chi,EC1034668,,,,,,,
Temple,Delgiudice,TD1598514,,,,,,,
Millie,Skipworth,MS2920487,,,,,,,
Melania,Stillings,MS3158560,,,,,,,
Caroyln,Miser,CM5237660,,,,,,,
Sigrid,Casares,SC1657032,,,,,,,
Rowena,Nurse,RN9555758,,,,,,,
Chu,Maughan,CM1767707,,,,,,,
Drucilla,Devenport,DD1257014,,,,,,,
Willis,Neiman,WN9250936,,,,,,,
Hellen,Kimberling,HK8860010,,,,,,,
Libbie,Klopp,LK8555088,,,,,,,
Cecille,Normand,CN2364154,,,,,,,
Melita,Gurr,MG4876893,,,,,,,
Katelin,Kalina,KK1021888,,,,,,,
Rosa,Leonard,RL3638764,,,,,,,
Sheena,Hadden,SH6140912,,,,,,,
Karena,Neace,KN4774739,,,,,,,
Carmon,Ashford,CA6676059,,,,,,,
Ardella,Camacho,AC5329599,,,,,,,
Hoyt,Shadduck,HS3167650,,,,,,,
Todd,Holgate,TH9819684,,,,,,,
Qiana,Levan,QL7982378,,,,,,,
Risa,Magwood,RM9419926,,,,,,,
Hortense,Chattin,HC2814180,,,,,,,
Lee,Esses,LE1282049,,,,,,,
Mohamed,Bolles,MB1214860,,,,,,,
Merrill,Ballenger,MB5589300,,,,,,,
Deeann,Ashburn,DA9363469,,,,,,,
Perry,Viera,PV9177917,,,,,,,
Joyce,Sciacca,JS9959394,,,,,,,
Clayton,Shealy,CS8323317,,,,,,,
Nada,Sheilds,NS1827440,,,,,,,
Deanna,Rome,DR1925493,,,,,,,
Greta,Sartain,GS4208708,,,,,,,
Whitley,Leppert,WL4730383,,,,,,,
Jenette,Shover,JS2919180,,,,,,,
Franchesca,Centers,FC4481595,,,,,,,
Myrtice,Lonzo,ML7726215,,,,,,,
Santina,Cybulski,SC2276721,,,,,,,
Kayleigh,Cartier,KC6920895,,,,,,,
Dori,Reasoner,DR9758360,,,,,,,
Raymundo,Alcorn,RA2421586,,,,,,,
Edythe,Knutsen,EK6014595,,,,,,,
Adell,Westmoreland,AW3189167,,,,,,,
Delores,Gullick,DG1815703,,,,,,,
Cuc,Kossman,CK1860399,,,,,,,
Lakendra,Bobby,LB5669462,,,,,,,
Oneida,Haberman,OH6954853,,,,,,,
Ghislaine,Southwick,GS8534642,,,,,,,
Ardis,Overbey,AO4722264,,,,,,,
Fermin,Work,FW1674060,,,,,,,
Saundra,Voshell,SV4321446,,,,,,,
Bret,Styers,BS9088429,,,,,,,
Kortney,Shear,KS9431405,,,,,,,
Luanna,Gabler,LG1783383,,,,,,,
Danette,Lares,DL9297808,,,,,,,
Melisa,Munday,MM5130181,,,,,,,
Myriam,Roberie,MR5165469,,,,,,,
Izetta,Policastro,IP6833127,,,,,,,
Renata,Fettig,RF2055508,,,,,,,
Les,Lindsey,LL5747148,,,,,,,
Harris,Descoteaux,HD2686257,,,,,,,
Jazmine,Emery,JE9397075,,,,,,,
Sherrie,Pendelton,SP4354733,,,,,,,
Zaida,Romney,ZR3829366,,,,,,,
Florencio,Coleman,FC4255251,,,,,,,
Velva,Bing,VB1076100,,,,,,,
Ying,Scheetz,YS1072409,,,,,,,
Keli,Shen,KS6708852,,,,,,,
Mitch,Grajeda,MG8005830,,,,,,,
Bryon,Furness,BF8318145,,,,,,,
Tamie,Bertucci,TB1131313,,,,,,,
Shaniqua,Pulido,SP9986790,,,,,,,
Adina,Farris,AF7173715,,,,,,,
Landon,Constantino,LC3168917,,,,,,,
Russell,Batres,RB7318599,,,,,,,
Leesa,Rieke,LR8727760,,,,,,,
Hank,Noblitt,HN8517198,,,,,,,
Priscilla,Lamphere,PL5644117,,,,,,,
Candida,Custis,CC5456015,,,,,,,
Karon,Wilmes,KW1625421,,,,,,,
Prudence,Cutler,PC4818596,,,,,,,
Myrl,Kandoll,MK4534850,,,,,,,
Lissa,Andrews,LA2062201,,,,,,,
Mikel,Ranger,MR3641637,,,,,,,
Yuri,Tiller,YT9799208,,,,,,,
Jonas,Reilley,JR7353378,,,,,,,
Santina,Sherlock,SS6066595,,,,,,,
Corrine,Snelling,CS2517190,,,,,,,
Kara,Wierenga,KW8849940,,,,,,,
Noriko,Arroyo,NA6261581,,,,,,,
Caron,Brasch,CB3013212,,,,,,,
Geoffrey,Follmer,GF9279164,,,,,,,
Clark,Vasser,CV1733213,,,,,,,
Wanetta,Bold,WB1031608,,,,,,,
Maricela,Damron,MD9631128,,,,,,,
Lynsey,Stinchcomb,LS5510684,,,,,,,
Lovetta,Kline,LK4603224,,,,,,,
Gracia,Moone,GM6826386,,,,,,,
Loma,Shears,LS4925461,,,,,,,
Adelle,Philbrick,AP3614032,,,,,,,
Clifford,Poehler,CP5145799,,,,,,,
Sun,Johnsrud,SJ8913409,,,,,,,
Jenell,Marro,JM2075370,,,,,,,
Mendy,Strayer,MS5432414,,,,,,,
Harriette,Ing,HI3562940,,,,,,,
Veola,Domenech,VD3740051,,,,,,,
Denisha,Chabot,DC4631047,,,,,,,
Corrina,Carollo,CC9815026,,,,,,,
Cassandra,Fike,CF7123726,,,,,,,
Johnson,Pinedo,JP9514066,,,,,,,
Emery,Gessner,EG8662061,,,,,,,
Gaynelle,Slaton,GS3537771,,,,,,,
Alysia,Hipps,AH5852137,,,,,,,
Deeann,Keeler,DK7390377,,,,,,,
Lilliam,Harvard,LH6315091,,,,,,,
Shara,Syed,SS4988375,,,,,,,
Lorinda,Froman,LF9340255,,,,,,,
Bonita,Briganti,BB9830610,,,,,,,
Kendall,Simons,KS3795738,,,,,,,
Lakenya,Seabrooks,LS6448149,,,,,,,
Jammie,Gourlay,JG2561713,,,,,,,
Arlean,Juergens,AJ3906609,,,,,,,
Boyce,Wehmeyer,BW5271049,,,,,,,
Sindy,Galyean,SG2455050,,,,,,,
Louis,Bullard,LB2084063,,,,,,,
Vita,Noonkester,VN1589573,,,,,,,
Lakeesha,Lesniak,LL6529774,,,,,,,
Charlette,Larry,CL8422593,,,,,,,
Heidi,Abadie,HA1786045,,,,,,,
Shandi,Medders,SM1939612,,,,,,,
Jenny,Severino,JS8446629,,,,,,,
Patience,Marley,PM6307693,,,,,,,
Lily,Wolter,LW2701241,,,,,,,
Robbyn,Diem,RD8901330,,,,,,,
Odette,Laclair,OL7574324,,,,,,,
Charlsie,Stern,CS1870596,,,,,,,
Anne,Dresel,AD9287629,,,,,,,
Josefina,Smiley,JS7098411,,,,,,,
Lisette,Mehr,LM2669638,,,,,,,
Sherryl,Siers,SS3883623,,,,,,,
Velia,Brayman,VB8254018,,,,,,,
Lyn,Pan,LP7815708,,,,,,,
Caitlin,Bessey,CB8262563,,,,,,,
Cristine,Roder,CR5859653,,,,,,,
Claire,Sward,CS5027235,,,,,,,
Adelle,Kovach,AK6323498,,,,,,,
Melissa,Kear,MK4723314,,,,,,,
Rosetta,Flagg,RF1582618,,,,,,,
Kina,Koffler,KK9783705,,,,,,,
Lang,Silver,LS7011307,,,,,,,
Regina,Lentine,RL9989062,,,,,,,
Viki,Cartledge,VC5252352,,,,,,,
Brett,Aasen,BA9211058,,,,,,,
Glynda,Maine,GM3102118,,,,,,,
Joane,Hasler,JH8697785,,,,,,,
Sook,Varnell,SV1285438,,,,,,,
Priscila,Leanos,PL3270385,,,,,,,
Evan,Deslauriers,ED5584719,,,,,,,
Luz,Huddleston,LH5566824,,,,,,,
Joann,Montag,JM3866211,,,,,,,
Jeannine,Pfeil,JP5442024,,,,,,,
Raina,Batdorf,RB6772489,,,,,,,
Madge,Lossing,ML7482159,,,,,,,
Vannessa,Lopez,VL5888371,,,,,,,
Irvin,Bumbrey,IB5237332,,,,,,,
Candida,Salinas,CS1249321,,,,,,,
Natalya,Bremer,NB1738257,,,,,,,
Shalon,Brook,SB6349056,,,,,,,
Kathaleen,Clepper,KC8580001,,,,,,,
Fausto,Dionne,FD9065141,,,,,,,
Hildegarde,Kitch,HK1120271,,,,,,,
Jarrett,Celestin,JC6787777,,,,,,,
Deneen,Wind,DW9841255,,,,,,,
Bradly,Ratchford,BR3525278,,,,,,,
Gayle,Modica,GM6442964,,,,,,,
Miles,Wyrick,MW6057128,,,,,,,
Hilton,Cousin,HC8448695,,,,,,,
Porsha,Adcock,PA1381970,,,,,,,
Renita,Glavin,RG5368610,,,,,,,
Hannelore,Yetter,HY6953085,,,,,,,
Norine,Cane,NC8805725,,,,,,,
Faustina,Szabo,FS6036617,,,,,,,
Jeraldine,Luque,JL7702996,,,,,,,
Elza,Prager,EP8042339,,,,,,,
Jodee,Grimm,JG2711363,,,,,,,
Alba,Mcpherson,AM6603089,,,,,,,
Tinisha,Addington,TA6586792,,,,,,,
Myrtice,Andino,MA5401395,,,,,,,
Kathern,Gebo,KG4556489,,,,,,,
Almeta,Razo,AR2654923,,,,,,,
Jared,Threlkeld,JT1758634,,,,,,,
Lashawna,Hough,LH4997215,,,,,,,
Kristi,Tow,KT5552709,,,,,,,
Luther,Lefevers,LL3055653,,,,,,,
Wilmer,Larkin,WL4005867,,,,,,,
Cammy,Scalf,CS2386360,,,,,,,
Deedee,Prokop,DP3487225,,,,,,,
Leandra,Allinder,LA1955127,,,,,,,
Terrilyn,Maly,TM3300979,,,,,,,
Riley,Wimbish,RW4728536,,,,,,,
Merrilee,Shook,MS5337456,,,,,,,
Filiberto,Alverson,FA2687326,,,,,,,
Elyse,Kendig,EK7394951,,,,,,,
Alysha,Ohern,AO5573424,,,,,,,
Armando,Fortney,AF7730608,,,,,,,
Lavona,Shoup,LS7748313,,,,,,,
Quentin,Wroten,QW2118379,,,,,,,
Coral,Bow,CB4277223,,,,,,,
Lorrie,Bradley,LB2969015,,,,,,,
Eliana,Zych,EZ7692357,,,,,,,
Brigida,Edgar,BE4783787,,,,,,,
Kourtney,Fannin,KF3918133,,,,,,,
Peg,Mcelyea,PM8617124,,,,,,,
Elizabet,Bodine,EB1193486,,,,,,,
Fannie,Bostic,FB9687805,,,,,,,
Carolann,Dupler,CD4010144,,,,,,,
Devora,Mcguire,DM2092026,,,,,,,
Myrtie,Splawn,MS5799336,,,,,,,
Riva,Cha,RC3984755,,,,,,,
Albert,Redd,AR2099841,,,,,,,
Harley,Mcmeen,HM7914913,,,,,,,
Malika,Alanis,MA8810102,,,,,,,
Arcelia,Eubanks,AE1862451,,,,,,,
Mandie,Benito,MB4718126,,,,,,,
Terry,Cleary,TC1839509,,,,,,,
Nicolas,China,NC9514403,,,,,,,
Claud,Linley,CL8568665,,,,,,,
Rae,Luciani,RL1996037,,,,,,,
Ines,Scalf,IS1036574,,,,,,,
Tera,Durante,TD9343196,,,,,,,
Markus,Kump,MK9518209,,,,,,,
Clare,Hakes,CH4878412,,,,,,,
Mazie,Mebane,MM3134724,,,,,,,
Celestine,Metheny,CM3207358,,,,,,,
Jerrell,Goold,JG6860455,,,,,,,
Eneida,Koeppel,EK4655134,,,,,,,
Ailene,Eddleman,AE5265040,,,,,,,
Cora,Leeds,CL8463297,,,,,,,
Mirian,Orman,MO4344697,,,,,,,
Rachel,Rink,RR4296049,,,,,,,
Natalya,Falgoust,NF1172690,,,,,,,
Garnett,Calderone,GC8150754,,,,,,,
Dorethea,Dudding,DD2040892,,,,,,,
Jaimie,Siemers,JS6201298,,,,,,,
Milton,Sabol,MS1184755,,,,,,,
Betsey,Gallman,BG2165820,,,,,,,
Molly,Mckinzie,MM1727347,,,,,,,
Carrol,Harrelson,CH1749649,,,,,,,
Dylan,Mcbay,DM8244942,,,,,,,
Veta,Fultz,VF3544091,,,,,,,
Mariette,Whitten,MW2341833,,,,,,,
Xenia,Parrales,XP4922395,,,,,,,
Erwin,Ohlinger,EO6107853,,,,,,,
Zetta,Haan,ZH6839113,,,,,,,
Rusty,Twiggs,RT3774364,,,,,,,
Zachary,Pitre,ZP8159648,,,,,,,
Stacy,Andrzejewski,SA3993058,,,,,,,
Julie,Heineman,JH7150961,,,,,,,
Yuriko,Temme,YT1614258,,,,,,,
Deidra,Hufford,DH7163066,,,,,,,
Anisa,Gordillo,AG6435256,,,,,,,
Luna,Gleaton,LG9905725,,,,,,,
Laci,Pasko,LP6013836,,,,,,,
Julene,Kohr,JK7518525,,,,,,,
Felicita,Bemis,FB9862874,,,,,,,
Hollis,Okeefe,HO9443124,,,,,,,
Margherita,Ceron,MC8303229,,,,,,,
Doyle,Kegler,DK8859219,,,,,,,
Kris,Zuniga,KZ7247767,,,,,,,
Ladawn,Reitz,LR3483687,,,,,,,
Isaiah,Frink,IF6738841,,,,,,,
Demetrius,Meadow,DM2591324,,,,,,,
Markus,Mcduffy,MM2825430,,,,,,,
Otelia,Montoya,OM6502818,,,,,,,
Florene,Chartrand,FC2041991,,,,,,,
Olene,Fink,OF5787742,,,,,,,
Gerardo,Mazurek,GM6782004,,,,,,,
Victor,Brunswick,VB5971158,,,,,,,
Sheilah,Izaguirre,SI8880979,,,,,,,
Jenae,Newbold,JN1595302,,,,,,,
Jospeh,Foushee,JF4582009,,,,,,,
Peggie,Pankey,PP5649464,,,,,,,
Coralee,Basel,CB3845397,,,,,,,
Loraine,Mcmillan,LM1523084,,,,,,,
Elidia,Stutts,ES7586669,,,,,,,
Ria,Atkins,RA7672316,,,,,,,
Claudio,Dibella,CD8262048,,,,,,,
Vernell,Millican,VM6452632,,,,,,,
Renato,Carraway,RC2133347,,,,,,,
Tajuana,Rubalcaba,TR6797364,,,,,,,
Shaquana,Thiele,ST2793883,,,,,,,
Zane,Applebee,ZA6753051,,,,,,,
Terese,Chace,TC6980004,,,,,,,
Ruben,Albee,RA4829593,,,,,,,
Claretta,Helmers,CH8000535,,,,,,,
Dorris,Chastain,DC9809154,,,,,,,
Emerson,Harriston,EH2573325,,,,,,,
Pricilla,Shedd,PS7991475,,,,,,,
Carie,Murry,CM3641900,,,,,,,
Mitchel,Obey,MO6114975,,,,,,,
Carlee,Colella,CC7164007,,,,,,,
Billye,Kirsch,BK5434276,,,,,,,
Yaeko,Liz,YL1068656,,,,,,,
Helene,Boatman,HB1925473,,,,,,,
Rachele,Buzzard,RB1608108,,,,,,,
Delinda,Matta,DM8521202,,,,,,,
Hyun,Melody,HM5615177,,,,,,,
Rey,Letsinger,RL3292959,,,,,,,
Gabriella,Coyle,GC3811364,,,,,,,
Demetria,Mund,DM6567920,,,,,,,
Angeles,Matteo,AM3282511,,,,,,,
Venice,Underhill,VU9033553,,,,,,,
Naoma,Ames,NA5191281,,,,,,,
Mora,Katzman,MK4866837,,,,,,,
Grisel,Berger,GB3549413,,,,,,,
Catheryn,Buser,CB1323531,,,,,,,
Stephania,Fail,SF2068464,,,,,,,
Marsha,Canton,MC4803883,,,,,,,
Euna,Risk,ER6064196,,,,,,,
Leopoldo,Osby,LO9721074,,,,,,,
Stormy,Browder,SB4448891,,,,,,,
Karrie,Morrisey,KM5144960,,,,,,,
Tammera,Uzzle,TU9631210,,,,,,,
Mavis,Macrae,MM7048980,,,,,,,
Ellyn,Labrie,EL6416927,,,,,,,
Heike,Roehrig,HR9145047,,,,,,,
Milissa,Tiffany,MT3942618,,,,,,,
Mona,Clow,MC6563052,,,,,,,
Aurelio,Angles,AA5914139,,,,,,,
Dominque,Bogner,DB7645866,,,,,,,
Lorriane,Lovitt,LL3778126,,,,,,,
Fransisca,Bouie,FB9670081,,,,,,,
Joy,Girard,JG2744592,,,,,,,
Tamisha,Steinert,TS3776932,,,,,,,
Katrina,Boyce,KB1523118,,,,,,,
Concetta,Everts,CE1778263,,,,,,,
Lashaun,Havlik,LH9462259,,,,,,,
Loida,Lessman,LL2894133,,,,,,,
Conception,Pritt,CP1274722,,,,,,,
Glenna,Hoffman,GH2894904,,,,,,,
Matha,Pasco,MP5687316,,,,,,,
Lacy,Lampman,LL4728409,,,,,,,
Rheba,Lueras,RL3853175,,,,,,,
Brenda,Thakkar,BT6785984,,,,,,,
Wilda,Spagnolo,WS4789236,,,,,,,
Eileen,Lightford,EL9509679,,,,,,,
Jeanne,Farias,JF5658340,,,,,,,
Janella,Dangelo,JD6920545,,,,,,,
Angelina,Dunneback,AD2998859,,,,,,,
Nella,Denker,ND8663207,,,,,,,
Bula,Fenstermaker,BF8887946,,,,,,,
Joshua,Raminez,JR6621442,,,,,,,
Krysta,Alsup,KA9105765,,,,,,,
Toya,Skow,TS4803100,,,,,,,
Kimberli,Harrington,KH6207045,,,,,,,
Caren,Mckey,CM9536033,,,,,,,
Erica,Duden,ED2658931,,,,,,,
Honey,Binder,HB7497454,,,,,,,
Hipolito,Yamasaki,HY4067829,,,,,,,
Burma,Deyoe,BD7564839,,,,,,,
Wayne,Earp,WE5450735,,,,,,,
Guillermo,Feltz,GF9085982,,,,,,,
Debby,Reynosa,DR7966465,,,,,,,
Oleta,Kwong,OK3844167,,,,,,,
Phoebe,Nestle,PN3372168,,,,,,,
Lyda,Mcmunn,LM5883815,,,,,,,
Saturnina,Albin,SA1168871,,,,,,,
Zoe,Orndorff,ZO5155231,,,,,,,
Robin,Acheson,RA9756981,,,,,,,
Rafaela,Zamarripa,RZ4801966,,,,,,,
Fransisca,Rand,FR2191980,,,,,,,
Foster,Villicana,FV5806042,,,,,,,
Penney,Lachowicz,PL6200302,,,,,,,
Lovella,Dao,LD6698018,,,,,,,
Harriet,Woodrow,HW4728445,,,,,,,
Harmony,Ohair,HO2112541,,,,,,,
Ardelia,Fritz,AF4384239,,,,,,,
Twyla,Kennemer,TK2851713,,,,,,,
Noelia,Gossard,NG3249305,,,,,,,
Kasie,Newbrough,KN1380117,,,,,,,
Cristine,Brook,CB4489790,,,,,,,
Jaclyn,Dodson,JD8014244,,,,,,,
Peter,Looney,PL2895838,,,,,,,
Rosanna,Rayburn,RR4901203,,,,,,,
Vivien,Escalera,VE4197833,,,,,,,
Cindi,Kenley,CK5641473,,,,,,,
Norman,Earles,NE1148485,,,,,,,
Kandice,Lopez,KL9240681,,,,,,,
Dawna,Moss,DM5155309,,,,,,,
Ray,Capp,RC3987731,,,,,,,
Keeley,Harty,KH2911430,,,,,,,
Charlesetta,Chae,CC5144488,,,,,,,
Jacquelyne,Hibbler,JH5853264,,,,,,,
Anastasia,Calderwood,AC4146665,,,,,,,
Ermelinda,Mccluney,EM9171860,,,,,,,
Lucia,Postel,LP9773576,,,,,,,
Malinda,Clubb,MC2215983,,,,,,,
Evelynn,Hughley,EH5155795,,,,,,,
Ricki,Palazzo,RP7794324,,,,,,,
Tara,Boxx,TB1669087,,,,,,,
Laverne,Griffiths,LG1436383,,,,,,,
Kermit,Stairs,KS8914610,,,,,,,
Toney,Razor,TR5510438,,,,,,,
Leatha,Barfoot,LB7014806,,,,,,,
Gus,Brawner,GB1431559,,,,,,,
Judith,Coggin,JC6116158,,,,,,,
Porter,Bridge,PB3396184,,,,,,,
Wilma,Towne,WT1661869,,,,,,,
Normand,Kuehner,NK3879501,,,,,,,
Lashell,Bibbs,LB5793433,,,,,,,
Collene,Collado,CC4817809,,,,,,,
Janessa,Conine,JC2114233,,,,,,,
Brigette,Bloomfield,BB3129597,,,,,,,
Jerome,Hunley,JH2412936,,,,,,,
Avril,Krogh,AK2119792,,,,,,,
Kizzy,Hinkle,KH1880046,,,,,,,
Kristeen,Patrick,KP6584403,,,,,,,
Briana,Feehan,BF9695856,,,,,,,
Mica,Biffle,MB6389941,,,,,,,
Perla,Myles,PM3708823,,,,,,,
Lavern,Bays,LB3698702,,,,,,,
Marietta,Sun,MS1912640,,,,,,,
Jeri,Buttner,JB8155619,,,,,,,
Hang,Hutter,HH3770953,,,,,,,
Kimber,Couture,KC5805636,,,,,,,
Patsy,Veliz,PV1883792,,,,,,,
Creola,Mcpeters,CM7243908,,,,,,,
Bari,Burkhardt,BB8348424,,,,,,,
Drucilla,Bhakta,DB8135829,,,,,,,
Chara,Messana,CM4848463,,,,,,,
Inocencia,Pfannenstiel,IP4919058,,,,,,,
Divina,Goodson,DG8691190,,,,,,,
Britt,Leclerc,BL7965361,,,,,,,
Meryl,Mast,MM6095318,,,,,,,
Otelia,Trottier,OT2289878,,,,,,,
Marnie,Larue,ML9810449,,,,,,,
Rufus,Heldt,RH1372920,,,,,,,
Le,Harbin,LH6143472,,,,,,,
Stan,Clow,SC7706599,,,,,,,
Aundrea,Hauff,AH3145149,,,,,,,
Enola,Hernandes,EH7617820,,,,,,,
Adriene,Grabert,AG7765731,,,,,,,
Hillary,Daugherty,HD2993951,,,,,,,
Desire,Sae,DS9138804,,,,,,,
Susie,Neisler,SN4141380,,,,,,,
Nancy,Garrow,NG6886605,,,,,,,
Margit,Swing,MS4638988,,,,,,,
Carmine,Cogdill,CC7268163,,,,,,,
Shaunda,Amburn,SA6071689,,,,,,,
Melva,Police,MP9350374,,,,,,,
Billie,Pitre,BP7312668,,,,,,,
Shiloh,Guilliams,SG4577293,,,,,,,
Selena,Prideaux,SP1435166,,,,,,,
Rutha,Starnes,RS7854953,,,,,,,
Stephenie,Fredenburg,SF8077743,,,,,,,
Erline,Lockett,EL4143430,,,,,,,
Dong,Raglin,DR7486629,,,,,,,
Hubert,Buice,HB1140694,,,,,,,
Sebastian,Miyamoto,SM3947418,,,,,,,
Ron,Chitty,RC2408978,,,,,,,
Lorie,Mcgranahan,LM8500925,,,,,,,
Victor,Crofoot,VC6441140,,,,,,,
Iris,Costigan,IC2374403,,,,,,,
Malorie,Croff,MC5836615,,,,,,,
Oscar,Creamer,OC5523685,,,,,,,
Veta,Silva,VS3307665,,,,,,,
Michaele,Hanline,MH3254438,,,,,,,
Venita,Clevenger,VC1532609,,,,,,,
Donnette,Dahmer,DD2493013,,,,,,,
Lori,Gayer,LG5992886,,,,,,,
Genaro,Tijerina,GT9458079,,,,,,,
Loraine,Renteria,LR3789333,,,,,,,
Huey,Bartley,HB7566780,,,,,,,
Todd,Brandenberger,TB1676071,,,,,,,
Arlene,Ormsby,AO2596941,,,,,,,
Kimbra,Twigg,KT5764048,,,,,,,
Evon,Goolsby,EG9748495,,,,,,,
Kent,Leedy,KL2578620,,,,,,,
Jacinda,Lineman,JL1236619,,,,,,,
Fran,Ponder,FP1488448,,,,,,,
Tanesha,Mccaslin,TM6102425,,,,,,,
Misha,Vautour,MV3024314,,,,,,,
Cristi,Ocampo,CO7619875,,,,,,,
Thomas,Handley,TH1799058,,,,,,,
Kiara,Blanck,KB5266563,,,,,,,
Fannie,Kiley,FK9016792,,,,,,,
Christel,Byham,CB4568906,,,,,,,
Kitty,Klann,KK7185810,,,,,,,
Merri,Burgett,MB5640715,,,,,,,
Shemeka,Fiorentino,SF8167612,,,,,,,
Domenic,Press,DP6918347,,,,,,,
Eliana,Aleshire,EA7361445,,,,,,,
Idell,Capito,IC8109179,,,,,,,
Magdalene,Bradham,MB9232817,,,,,,,
Anabel,Elem,AE4737920,,,,,,,
Katharina,Kimes,KK7266199,,,,,,,
Leandro,Mastro,LM2681672,,,,,,,
Dagny,Pawlik,DP4530731,,,,,,,
Kathy,Haydon,KH6770041,,,,,,,
Twanna,Brungardt,TB3952065,,,,,,,
Doloris,Farrish,DF5412772,,,,,,,
Gregory,Carnell,GC8309876,,,,,,,
Belva,Summerfield,BS8290592,,,,,,,
Katherine,Bettcher,KB1191922,,,,,,,
Mila,Costillo,MC2596523,,,,,,,
Micki,Link,ML3863055,,,,,,,
Charise,Balog,CB9312068,,,,,,,
Ophelia,Crinklaw,OC2159904,,,,,,,
Larraine,Lybrand,LL3822884,,,,,,,
Rigoberto,Reagle,RR3960395,,,,,,,
Fredricka,Hornberger,FH2516018,,,,,,,
Chauncey,Mccleery,CM8967619,,,,,,,
Cassandra,Flewelling,CF8525123,,,,,,,
Edith,Santistevan,ES9120576,,,,,,,
Micheline,Camp,MC1661033,,,,,,,
Angeline,Cruickshank,AC3943324,,,,,,,
Shawana,Lewandowski,SL7158365,,,,,,,
Vivian,Piermarini,VP4760875,,,,,,,
Earlene,Streight,ES9702907,,,,,,,
Jesica,Rio,JR2332074,,,,,,,
Mozella,Raglin,MR3832504,,,,,,,
Cleopatra,Voltz,CV6787910,,,,,,,
Keri,Amy,KA1257143,,,,,,,
Ivelisse,Moats,IM4698689,,,,,,,
Josefina,Hullinger,JH9974873,,,,,,,
Misha,Lasso,ML5391350,,,,,,,
Janise,Norling,JN2679833,,,,,,,
Kyung,Zerby,KZ2055402,,,,,,,
Erich,Whitcomb,EW6761390,,,,,,,
Leonel,Vanduyn,LV4991322,,,,,,,
Del,Guilbert,DG2819718,,,,,,,
Kathrine,Armbruster,KA7495232,,,,,,,
Magnolia,Hice,MH9215325,,,,,,,
Keena,Simpson,KS4062523,,,,,,,
Adaline,Dale,AD2207968,,,,,,,
Sharell,Godfrey,SG5388628,,,,,,,
Charlette,Constable,CC9835431,,,,,,,
Katherin,Kampf,KK1746050,,,,,,,
Kurt,Horan,KH3419306,,,,,,,
Carlee,Crochet,CC6215749,,,,,,,
Emogene,Dundon,ED7105456,,,,,,,
Cory,Hartgrove,CH1426062,,,,,,,
Angie,Garraway,AG8153893,,,,,,,
Kelvin,Hooser,KH4243334,,,,,,,
Rayna,Heindel,RH8364429,,,,,,,
See,Lebsock,SL5228024,,,,,,,
Cristie,Milne,CM9488276,,,,,,,
Willetta,Rizzo,WR7851470,,,,,,,
Buster,Tietjen,BT3185353,,,,,,,
Melissia,Mendelsohn,MM6674499,,,,,,,
Xavier,Ravenscroft,XR4995596,,,,,,,
Eda,Ellenwood,EE7040468,,,,,,,
Claris,Krawczyk,CK7106423,,,,,,,
Marx,Beers,MB4275369,,,,,,,
Vincent,Vita,VV6648108,,,,,,,
Marianela,Meneses,MM5808596,,,,,,,
Archie,Alls,AA7156195,,,,,,,
Lavada,Ligon,LL1509992,,,,,,,
Wilber,Wilburn,WW4731221,,,,,,,
Zoraida,Zwilling,ZZ3024021,,,,,,,
Della,Dunnington,DD5388633,,,,,,,
Hana,Huddle,HH5963646,,,,,,,
Tiffiny,Tadlock,TT7496424,,,,,,,
Kacey,Kimbrell,KK9189475,,,,,,,
Gracia,Gall,GG1172897,,,,,,,
Becki,Borror,BB1940440,,,,,,,
Lisette,Leeks,LL6779296,,,,,,,
Leisha,Lokken,LL2013209,,,,,,,
Tijuana,Tabarez,TT5970556,,,,,,,
Tien,Theriot,TT9730562,,,,,,,
Andres,Ascher,AA3630407,,,,,,,
Tobi,Trudell,TT7903295,,,,,,,
Venita,Volpe,VV4793038,,,,,,,
Melba,Mullenax,MM6590862,,,,,,,
Doris,Diangelo,DD4998995,,,,,,,
Zelma,Zamorano,ZZ9795194,,,,,,,
Garnett,Gagliano,GG8056030,,,,,,,
Francene,Faunce,FF2348358,,,,,,,
Yael,Yutzy,YY3552123,,,,,,,
Vance,Vavra,VV8579023,,,,,,,
Pilar,Paramore,PP1427247,,,,,,,
Hilary,Honea,HH2752860,,,,,,,
Madlyn,Mcpeak,MM4067697,,,,,,,
Walker,Wykoff,WW9372763,,,,,,,
Rose,Reich,RR7787212,,,,,,,
Reginald,Rikard,RR2095077,,,,,,,
Chantel,Cao,CC6706538,,,,,,,
Kit,Keitt,KK6056883,,,,,,,
Terina,Than,TT5429592,,,,,,,
Clelia,Cimino,CC6064688,,,,,,,
Jeanmarie,Jeffords,JJ7736438,,,,,,,
Sharron,Stutes,SS8959557,,,,,,,
Alycia,Afanador,AA5995801,,,,,,,
Debora,Dorner,DD2871231,,,,,,,
Octavia,Olszewski,OO2544261,,,,,,,
Krysten,Kyser,KK5988508,,,,,,,
Aliza,Armistead,AA6170536,,,,,,,
Kimberley,Kilgore,KK5813968,,,,,,,
Tamie,Tucci,TT3591515,,,,,,,
Inge,Immel,II8246652,,,,,,,
Malika,Mcandrews,MM6527333,,,,,,,
Ozie,Ogg,OO3987097,,,,,,,
Mollie,Mccumber,MM6306648,,,,,,,
Kasha,Krasner,KK6098337,,,,,,,
Odelia,Oceguera,OO2149030,,,,,,,
Valencia,Verne,VV6159726,,,,,,,
Janeth,Jimison,JJ8484324,,,,,,,
Matha,Montag,MM5654008,,,,,,,
Stanton,Siegfried,SS4590282,,,,,,,
Verlie,Venema,VV7056337,,,,,,,
Sherie,Schreiber,SS2142490,,,,,,,
Cortney,Cappiello,CC3499220,,,,,,,
Andera,Armitage,AA6157620,,,,,,,
Launa,Lanford,LL3924893,,,,,,,
Classie,Chauncey,CC8548945,,,,,,,
Lynna,Lurry,LL8178251,,,,,,,
Tama,Toller,TT9093000,,,,,,,
Shondra,Shedd,SS1242277,,,,,,,
Chara,Chadburn,CC7140969,,,,,,,
Alvin,Armes,AA4997592,,,,,,,
Enid,Eden,EE6250800,,,,,,,
Gudrun,Gipe,GG6983820,,,,,,,
Shameka,Studivant,SS7376021,,,,,,,
Gwendolyn,Goetsch,GG8166654,,,,,,,
Alida,Arent,AA8705715,,,,,,,
Virgilio,Vanderford,VV2852015,,,,,,,
Angeline,Agron,AA8752135,,,,,,,
Shawanda,Spinelli,SS4804726,,,,,,,
Geneva,Guidroz,GG5932665,,,,,,,
Tuyet,Tann,TT7760673,,,,,,,
Willa,Winner,WW2196650,,,,,,,
Geoffrey,Gitlin,GG3196903,,,,,,,
Wenona,Williamson,WW3185438,,,,,,,
Rodger,Ruse,RR4845785,,,,,,,
Vernie,Vassell,VV1733797,,,,,,,
Elizebeth,Engstrom,EE5284613,,,,,,,
Veda,Vincelette,VV2307693,,,,,,,
Roosevelt,Reitzel,RR5977009,,,,,,,
Kallie,Kos,KK8750005,,,,,,,
Sharen,Swanson,SS6923114,,,,,,,
Tynisha,Trull,TT8683430,,,,,,,
Marcell,Monsen,MM2982694,,,,,,,
Tambra,Terrell,TT4343685,,,,,,,
Houston,Houseknecht,HH5084633,,,,,,,
Tobie,Teamer,TT1699618,,,,,,,
Lilian,Lajeunesse,LL9040838,,,,,,,
Loriann,Lindbloom,LL7957067,,,,,,,
Booker,Bowerman,BB3279151,,,,,,,
Corrie,Cadieux,CC3002492,,,,,,,
Roberto,Roberie,RR2137998,,,,,,,
Salina,Shiner,SS2675150,,,,,,,
Maye,Mable,MM6656893,,,,,,,
Karena,Knapp,KK1369534,,,,,,,
Kerri,Kolbe,KK2103744,,,,,,,
Kim,Kuo,KK3349852,,,,,,,
Marilu,Miskell,MM6786206,,,,,,,
Rochell,Roepke,RR4170620,,,,,,,
Damian,Downs,DD2909949,,,,,,,
Pamela,Pavlik,PP3975337,,,,,,,
Nannette,Nardone,NN5347857,,,,,,,
Marvella,Mccarron,MM5201265,,,,,,,
Larissa,Lover,LL1054979,,,,,,,
Adolph,Ankrom,AA2604597,,,,,,,
Mardell,Mattinson,MM2211692,,,,,,,
China,Cleghorn,CC3657904,,,,,,,
Alica,Almeida,AA2805228,,,,,,,
Rachael,Roger,RR2216020,,,,,,,
Margert,Mars,MM5566538,,,,,,,
Don,Dao,DD4485336,,,,,,,
Dee,Doris,DD3933006,,,,,,,
Jannette,Jacobo,JJ1274157,,,,,,,
Donya,Drolet,DD8584897,,,,,,,
Kassie,Kaiser,KK4811583,,,,,,,
Janine,Jilek,JJ5208865,,,,,,,
Shantel,Sypher,SS8425612,,,,,,,
Reed,Rosecrans,RR9475045,,,,,,,
Asia,Au,AA4771413,,,,,,,
Lakiesha,Liston,LL1489357,,,,,,,
Joseph,Jacobson,JJ7889309,,,,,,,
Carina,Calico,CC7870989,,,,,,,
Melia,Mcnemar,MM4486329,,,,,,,
Jessenia,Jarnigan,JJ3286345,,,,,,,
Love,Lindamood,LL6603365,,,,,,,
Doretta,Dyess,DD6985744,,,,,,,
Annabell,Augustyn,AA2540619,,,,,,,
Nikki,Necessary,NN6364875,,,,,,,
Edmundo,Elling,EE8705408,,,,,,,
Jolene,Janes,JJ3904299,,,,,,,
Raquel,Resch,RR3477068,,,,,,,
Zella,Zych,ZZ4784623,,,,,,,
Lecia,Lucarelli,LL5515495,,,,,,,
Heike,Haggins,HH9068757,,,,,,,
Blanche,Belford,BB9310625,,,,,,,
Soon,Shores,SS4677836,,,,,,,
Jerlene,Jasper,JJ2615244,,,,,,,
Eun,Eldredge,EE9331379,,,,,,,
Harmony,Hofer,HH3369213,,,,,,,
Soo,Saeed,SS1957476,,,,,,,
June,Jolliff,JJ7645324,,,,,,,
Dong,Davey,DD3191046,,,,,,,
Ilona,Isenhour,II3359302,,,,,,,
Classie,Capote,CC9396959,,,,,,,
Bailey,Bingham,BB5976179,,,,,,,
Sonya,Spigner,SS9370964,,,,,,,
Barbar,Broderson,BB9271632,,,,,,,
Kiersten,Kibby,KK9250678,,,,,,,
Margeret,Melnyk,MM1437218,,,,,,,
Edgardo,Escamilla,EE3288378,,,,,,,
Joaquin,Jacobi,JJ3504622,,,,,,,
Fransisca,Fitting,FF3799558,,,,,,,
Roselyn,Richard,RR3159916,,,,,,,
Nichol,Nadler,NN2166236,,,,,,,
Yukiko,Youmans,YY9469137,,,,,,,
Kala,Kopec,KK8380861,,,,,,,
Bev,Boruff,BB7969551,,,,,,,
Qiana,Quam,QQ5207557,,,,,,,
Tamiko,Talley,TT8893130,,,,,,,
Maxwell,Munsterman,MM9841406,,,,,,,
Young,Yarber,YY5371352,,,,,,,
Hilda,Hutton,HH7799799,,,,,,,
Jimmy,Jarrard,JJ7571711,,,,,,,
Wilber,Weston,WW6407271,,,,,,,
Tesha,Than,TT2805265,,,,,,,
Melita,Mooring,MM1119396,,,,,,,
Lucio,Lemus,LL2572670,,,,,,,
Demetrice,Dudding,DD2372895,,,,,,,
Pamelia,Plante,PP7011365,,,,,,,
Brooke,Benjamin,BB6260274,,,,,,,
Juana,Jewell,JJ2698265,,,,,,,
Hee,Howey,HH7220236,,,,,,,
Marilyn,Mulvihill,MM9991761,,,,,,,
Selma,Sevilla,SS6349251,,,,,,,
Trina,Tracey,TT2312577,,,,,,,
Tamra,Tercero,TT6753678,,,,,,,
Lenora,Lebron,LL9795343,,,,,,,
Harmony,Hauser,HH1202058,,,,,,,
Sonny,Spidle,SS2013305,,,,,,,
Shawnta,Spiegel,SS2876870,,,,,,,
Latashia,Labombard,LL7519995,,,,,,,
Kyoko,Keyes,KK8769380,,,,,,,
Herlinda,Hadaway,HH7366308,,,,,,,
Rolland,Riles,RR9375791,,,,,,,
Nancie,Nell,NN9475642,,,,,,,
Susie,Seigler,SS1655114,,,,,,,
Richie,Rames,RR9699591,,,,,,,
Josefina,Jerome,JJ5882490,,,,,,,
Bebe,Boddie,BB9355267,,,,,,,
Eboni,Eutsler,EE1254818,,,,,,,
Carlene,Cranfield,CC4736955,,,,,,,
Lucila,Lofthouse,LL7575072,,,,,,,
Maurice,Markland,MM6696186,,,,,,,
Coreen,Cocco,CC2957628,,,,,,,
Beula,Bruss,BB9088852,,,,,,,
Dane,Depaolo,DD6281674,,,,,,,
Eliseo,Ericksen,EE3109735,,,,,,,
Sol,Saraiva,SS1754052,,,,,,,
Curtis,Conlan,CC1617072,,,,,,,
Rosamond,Rieder,RR4312523,,,,,,,
Glinda,Garnica,GG1946861,,,,,,,
Lavonda,Lindley,LL8702126,,,,,,,
Asley,Ates,AA9403940,,,,,,,
Terrilyn,Titcomb,TT7504074,,,,,,,
Evelyne,Eynon,EE9296676,,,,,,,
Keitha,Killam,KK3386553,,,,,,,
Terrence,Tank,TT4758608,,,,,,,
Raye,Rakestraw,RR9803136,,,,,,,
Julieann,Julian,JJ7927100,,,,,,,
Retha,Rojo,RR4394192,,,,,,,
Krystle,Kirst,KK4252319,,,,,,,
Nathaniel,Nicks,NN9089732,,,,,,,
Lakisha,Luther,LL8506142,,,,,,,
Vannessa,Vanepps,VV8922257,,,,,,,
Katharina,Keo,KK2223329,,,,,,,
Damon,Dickison,DD4567209,,,,,,,
Jong,Jeffreys,JJ7730886,,,,,,,
Dorcas,Dunker,DD4731650,,,,,,,
Ilona,Ipock,II3947476,,,,,,,
Trisha,Tullius,TT5462073,,,,,,,
Sue,Seth,SS9823126,,,,,,,
Charolette,Como,CC1104172,,,,,,,
Ezra,Engman,EE8659327,,,,,,,
Leigha,Lukes,LL2919981,,,,,,,
Cherly,Corvin,CC3800950,,,,,,,
Taren,Tony,TT6425993,,,,,,,
Carita,Conlan,CC4165827,,,,,,,
Shena,Staton,SS9555789,,,,,,,
Susanna,Strosnider,SS9582562,,,,,,,
Rosalia,Rinaldo,RR5781262,,,,,,,
Lynnette,Luera,LL6230943,,,,,,,
Celina,Carn,CC2494705,,,,,,,
Fe,Fripp,FF7015239,,,,,,,
Lory,Lablanc,LL7251793,,,,,,,
Kamala,Kizer,KK9350247,,,,,,,
Landon,Liedtke,LL9804802,,,,,,,
Marci,Marra,MM3803015,,,,,,,
Gwenda,Godin,GG4367943,,,,,,,
Alysha,Arnhold,AA8191273,,,,,,,
Malena,Musselwhite,MM8857270,,,,,,,
Timmy,Tosi,TT6188226,,,,,,,
Genevive,Gately,GG3289711,,,,,,,
Lorita,Leflore,LL4195216,,,,,,,
Lorelei,Luth,LL7327075,,,,,,,
Demetrice,Delp,DD6000369,,,,,,,
Karl,Kinch,KK5786709,,,,,,,
Thaddeus,Kranz,TK4567052,,,,,,,
Fidela,Egli,FE3187020,,,,,,,
Stacey,Duhart,SD3098887,,,,,,,
Jerri,Pharr,JP2215338,,,,,,,
Shad,Fleischer,SF2725039,,,,,,,
Cher,Goertz,CG8711082,,,,,,,
Katerine,Eisele,KE2047222,,,,,,,
Heath,Viands,HV6203146,,,,,,,
Tommye,Schuetz,TS8803610,,,,,,,
Amberly,Strother,AS1967007,,,,,,,
Thelma,Calton,TC9838720,,,,,,,
Madlyn,Loos,ML2078529,,,,,,,
Jeane,Redner,JR4943722,,,,,,,
Carson,Fiedler,CF3191341,,,,,,,
Lynette,Abell,LA4683965,,,,,,,
Abdul,Resch,AR3640354,,,,,,,
Glendora,Pare,GP2498377,,,,,,,
Chrystal,Knipp,CK3410887,,,,,,,
Carmon,Drewry,CD1160491,,,,,,,
Masako,Sutherlin,MS6612752,,,,,,,
Crista,Seawood,CS7204513,,,,,,,
Quinn,Sirianni,QS2501081,,,,,,,
Sydney,Weir,SW9981508,,,,,,,
Abby,Bischoff,AB2262829,,,,,,,
Hisako,Casiano,HC6124258,,,,,,,
Raylene,Meints,RM7216227,,,,,,,
Bethel,Sorrels,BS2048681,,,,,,,
Francoise,Helbing,FH1154645,,,,,,,
Hermelinda,Morais,HM5103538,,,,,,,
Tami,Kollar,TK2472148,,,,,,,
Yoshie,Harsh,YH9176118,,,,,,,
Joette,Mijangos,JM5494675,,,,,,,
Marcellus,Romaine,MR1871983,,,,,,,
Marguerita,Lucca,ML3373590,,,,,,,
Celestine,Chadwell,CC2784877,,,,,,,
Margherita,Hyppolite,MH8234486,,,,,,,
Marylouise,Cottone,MC1851300,,,,,,,
Araceli,Vince,AV6754285,,,,,,,
Derrick,Callaghan,DC5769691,,,,,,,
Jona,Danziger,JD7236053,,,,,,,
Penny,Goya,PG7264080,,,,,,,
Gerald,Dagenhart,GD8973574,,,,,,,
Dale,Patt,DP9396993,,,,,,,
Amelia,Backus,AB8583648,,,,,,,
Pamela,Peery,PP9578981,,,,,,,
Edda,Cheng,EC1347309,,,,,,,
Carlos,Parra,CP1606265,,,,,,,
Marin,Mcmorris,MM2849771,,,,,,,
Madeline,Cauley,MC7435256,,,,,,,
Sharonda,Kmetz,SK4641245,,,,,,,
Fausto,Ratliff,FR2456006,,,,,,,
Melodi,Schacherer,MS6319383,,,,,,,
Jaquelyn,Zieman,JZ4102990,,,,,,,
Ivelisse,Lappin,IL5167352,,,,,,,
Patrina,Brehmer,PB5971124,,,,,,,
Mi,Castilleja,MC7293390,,,,,,,
Jere,Krueger,JK4903410,,,,,,,
Frank,Howlett,FH8102955,,,,,,,
Sarita,Voisine,SV8088838,,,,,,,
Sylvia,Delillo,SD1295272,,,,,,,
Vonda,Wilczynski,VW9851351,,,,,,,
Denyse,Aponte,DA3408968,,,,,,,
Leonel,Ranney,LR9635456,,,,,,,
Claude,Dively,CD7332824,,,,,,,
Johnsie,Neubauer,JN2604401,,,,,,,
Faustino,Foland,FF2636242,,,,,,,
Lavonna,Baier,LB7935045,,,,,,,
Latanya,Renfroe,LR1677304,,,,,,,
Liana,Sholtis,LS9351619,,,,,,,
Chong,Torgeson,CT9782323,,,,,,,
Stephan,Forsman,SF3972038,,,,,,,
Judy,Averitt,JA2354448,,,,,,,
Laquita,Manrique,LM9720424,,,,,,,
Toshiko,Calender,TC2082041,,,,,,,
Karole,Shoultz,KS8968535,,,,,,,
Blondell,Streicher,BS1131184,,,,,,,
Shelton,Constance,SC1351616,,,,,,,
Adela,Mesta,AM1943260,,,,,,,
Blossom,Wynter,BW9312960,,,,,,,
Edwardo,Leblanc,EL8724496,,,,,,,
Jefferson,Burfield,JB1079742,,,,,,,
Cherry,Near,CN5652727,,,,,,,
Tiera,Mellon,TM3329140,,,,,,,
Pasquale,Woolfolk,PW9112597,,,,,,,
Shakira,Sabbagh,SS2704344,,,,,,,
Tari,Straughter,TS3964938,,,,,,,
Cecelia,Exner,CE7629700,,,,,,,
Young,Stuck,YS1101940,,,,,,,
Rheba,Racey,RR2933374,,,,,,,
Ocie,Klopfer,OK5751427,,,,,,,
Humberto,Claybrook,HC7045208,,,,,,,
Marci,Brwon,MB7080892,,,,,,,
Vernon,Saltzman,VS3210203,,,,,,,
Hillary,Turberville,HT6283125,,,,,,,
Betty,Ortego,BO8222449,,,,,,,
Ayana,Mummert,AM1914777,,,,,,,
Austin,Magill,AM6011526,,,,,,,
Jasmine,Mirelez,JM6560196,,,,,,,
Kylie,Aispuro,KA1938387,,,,,,,
Belva,Nicastro,BN2349898,,,,,,,
Emilia,Starns,ES3595455,,,,,,,
Marisol,Decola,MD3920321,,,,,,,
Susana,Berman,SB3465787,,,,,,,
Joline,Flannigan,JF1619867,,,,,,,
Kristy,Whittier,KW7435275,,,,,,,
Flossie,Melancon,FM4138198,,,,,,,
Joselyn,Heyen,JH8147106,,,,,,,
Loraine,Daluz,LD3436442,,,,,,,
Analisa,Villela,AV7579741,,,,,,,
Aline,Libbey,AL3614604,,,,,,,
Maryellen,Adkins,MA9981403,,,,,,,
Carmela,Oddo,CO3333707,,,,,,,
Sari,Yager,SY2800927,,,,,,,
France,Diller,FD5336812,,,,,,,
Rosalia,Freeborn,RF8137146,,,,,,,
Leesa,Judd,LJ6781820,,,,,,,
Cody,Nickell,CN3470880,,,,,,,
Tomoko,Mcpherson,TM9377506,,,,,,,
Porter,Wheeless,PW5337836,,,,,,,
Noella,Seger,NS1374928,,,,,,,
Cecila,Pavon,CP4095419,,,,,,,
Nicolette,Brisco,NB6899786,,,,,,,
Micheline,Nosal,MN7948344,,,,,,,
Hermelinda,Payer,HP2789181,,,,,,,
Elisa,Vasquez,EV6405052,,,,,,,
Tatiana,Malloy,TM6159885,,,,,,,
Monte,Loredo,ML7117640,,,,,,,
Francisca,Oakman,FO8951168,,,,,,,
Rudolph,Saur,RS4176038,,,,,,,
Tifany,Scherrer,TS4597707,,,,,,,
Jimmy,Andreotti,JA2953625,,,,,,,
Annemarie,Eshleman,AE6724465,,,,,,,
Pauline,Kennard,PK2728806,,,,,,,
Ayako,Bichrest,AB9069535,,,,,,,
Clint,Sayre,CS6696672,,,,,,,
Sonia,Spalla,SS2628145,,,,,,,
Chantell,Ziebarth,CZ6891448,,,,,,,
Hugo,Flagler,HF8567600,,,,,,,
Rosanne,Twiford,RT9646649,,,,,,,
Marhta,Brugger,MB9587750,,,,,,,
Sandi,Tibbets,ST9752333,,,,,,,
Nerissa,Tell,NT4428628,,,,,,,
Shanda,Dumlao,SD8247956,,,,,,,
Dorine,Austria,DA6278051,,,,,,,
Imogene,Prigge,IP1704905,,,,,,,
Kenton,Stancill,KS6974167,,,,,,,
Melany,Cree,MC1668251,,,,,,,
Theron,Lemons,TL7842932,,,,,,,
Deneen,Tierney,DT8076801,,,,,,,
Maida,Heather,MH7114210,,,,,,,
Evelyne,Burger,EB7429338,,,,,,,
Murray,Johnston,MJ6778689,,,,,,,
Suanne,Nalls,SN1519181,,,,,,,
Julietta,Degreenia,JD8161174,,,,,,,
Lindsy,Gatto,LG2599320,,,,,,,
Vernia,Olivier,VO6803302,,,,,,,
Forrest,Mattison,FM2367922,,,,,,,
Gearldine,Achenbach,GA8394118,,,,,,,
Keesha,Ray,KR5547245,,,,,,,
Aurea,Nosal,AN1558222,,,,,,,
Su,Lynes,SL1527126,,,,,,,
Nilsa,Padua,NP7202072,,,,,,,
Micaela,Lover,ML9968484,,,,,,,
Effie,Jelley,EJ8525310,,,,,,,
Janeen,Zoller,JZ9346133,,,,,,,
Shaina,Gabriel,SG5225052,,,,,,,
Pilar,Hatcher,PH8409599,,,,,,,
Bambi,Eide,BE3166358,,,,,,,
Greta,Vaughn,GV7928553,,,,,,,
Erin,Keltz,EK2381711,,,,,,,
Alejandrina,Mullan,AM1159292,,,,,,,
Nelida,Twilley,NT6550655,,,,,,,
Emmitt,Mcgowan,EM8531229,,,,,,,
Altha,Buzbee,AB1150637,,,,,,,
Savanna,Wiltse,SW2906461,,,,,,,
Tenisha,Caudill,TC1887332,,,,,,,
Willa,Blind,WB2103618,,,,,,,
Dimple,Ferrier,DF2371697,,,,,,,
Rebeca,Thorp,RT5942167,,,,,,,
Fidel,Troiano,FT5428028,,,,,,,
Neal,Markow,NM4416275,,,,,,,
Jeanette,Savarese,JS4947232,,,,,,,
Katherin,Antoine,KA6160007,,,,,,,
Guy,Mccaa,GM3875318,,,,,,,
Keisha,Bittner,KB9556580,,,,,,,
Carl,Bye,CB6041395,,,,,,,
Zelma,Willman,ZW1038926,,,,,,,
Shelli,Pitcher,SP9661880,,,,,,,
Rocky,Dolph,RD1215108,,,,,,,
Pauline,Zinck,PZ1413244,,,,,,,
Isabelle,Thetford,IT2924294,,,,,,,
Magdalena,Ellefson,ME4196017,,,,,,,
Lynna,Owings,LO8272768,,,,,,,
Antony,Rippel,AR1000243,,,,,,,
Twyla,Whitby,TW6376850,,,,,,,
Penny,Fludd,PF6025782,,,,,,,
Rupert,Music,RM5486786,,,,,,,
Juana,Seeger,JS1530164,,,,,,,
Marie,Fitzhugh,MF5439745,,,,,,,
Christal,Pesqueira,CP1119045,,,,,,,
Pamala,Corkill,PC1808706,,,,,,,
Sylvester,Verrett,SV2963172,,,,,,,
Benita,Dewolf,BD9705722,,,,,,,
Danae,Pecora,DP4629321,,,,,,,
Lakeshia,Mcfarlin,LM4787508,,,,,,,
Griselda,Toy,GT7632162,,,,,,,
Brittny,Deschamp,BD7482581,,,,,,,
Carlotta,Esser,CE1791288,,,,,,,
Bennie,Rosol,BR8264316,,,,,,,
Cathleen,Volkmann,CV5586989,,,,,,,
Janelle,Guarino,JG8446694,,,,,,,
Lieselotte,Soucy,LS8252300,,,,,,,
Carina,Grassi,CG4961032,,,,,,,
Merissa,Clendenin,MC3609816,,,,,,,
Annamarie,Seaver,AS9496696,,,,,,,
Noemi,Ibarra,NI7211811,,,,,,,
Ed,Genovese,EG7383567,,,,,,,
Anette,Bernhardt,AB6904402,,,,,,,
Hettie,Borel,HB6496840,,,,,,,
Pamella,Groff,PG2890228,,,,,,,
Salvador,Nipper,SN1975437,,,,,,,
Orpha,Hartson,OH8027472,,,,,,,
Myles,Millener,MM6492675,,,,,,,
Denae,Tramel,DT6912855,,,,,,,
Neoma,Goodloe,NG6088392,,,,,,,
Rolande,Finnerty,RF6131332,,,,,,,
Irish,Keo,IK1750453,,,,,,,
Alice,Vancleve,AV7433672,,,,,,,
Jamee,Ferber,JF3234044,,,,,,,
Jazmin,Richart,JR6690309,,,,,,,
Normand,Zayac,NZ3235798,,,,,,,
Shella,Abbott,SA2572650,,,,,,,
Glenda,Carns,GC1503431,,,,,,,
Athena,Lavelle,AL9697283,,,,,,,
Calvin,Neisler,CN8079131,,,,,,,
Lanny,Vidrio,LV8457571,,,,,,,
Lon,Wanner,LW1785401,,,,,,,
Parker,Pio,PP1359555,,,,,,,
Selene,Bean,SB1216472,,,,,,,
Marnie,Due,MD3059786,,,,,,,
Barabara,Funk,BF7611214,,,,,,,
Susanne,Stronach,SS7498128,,,,,,,
Sydney,Bjornson,SB1434980,,,,,,,
Carlita,Fausto,CF8146050,,,,,,,
Theodora,Loveless,TL3538539,,,,,,,
Ciara,Newhall,CN9277699,,,,,,,
Violeta,Wanamaker,VW7729634,,,,,,,
Corine,Sheahan,CS4931326,,,,,,,
Kristin,Cephus,KC9721063,,,,,,,
Howard,Wurtz,HW5197682,,,,,,,
Jenice,Lanier,JL1031568,,,,,,,
Cherelle,Hodson,CH3629751,,,,,,,
Naida,Tome,NT4717210,,,,,,,
Sheena,Range,SR7183809,,,,,,,
Arlinda,Smidt,AS2735993,,,,,,,
Nathan,Mistretta,NM6679364,,,,,,,
Maurine,Borges,MB4981952,,,,,,,
Drew,Galgano,DG5429630,,,,,,,
Valentina,Ficklin,VF5523845,,,,,,,
Horacio,Lundy,HL8178558,,,,,,,
Randell,Sharlow,RS2831305,,,,,,,
John,Murdoch,JM2633920,,,,,,,
Brain,Pennel,BP9720966,,,,,,,
Tony,Garnes,TG3490839,,,,,,,
Tuan,Hagar,TH2624427,,,,,,,
Roxann,Barlow,RB4058099,,,,,,,
Francie,Larose,FL2176677,,,,,,,
Della,Beauchesne,DB6176907,,,,,,,
Zaida,Coryell,ZC6452473,,,,,,,
Majorie,Delapaz,MD6194760,,,,,,,
Octavio,Medeiros,OM2145872,,,,,,,
Gale,Martensen,GM6983228,,,,,,,
Ezequiel,Resto,ER4338582,,,,,,,
Deedee,Hollenbach,DH5747001,,,,,,,
Fredericka,Cudney,FC9393569,,,,,,,
Irina,Rakowski,IR8390516,,,,,,,
Gricelda,Adan,GA6776170,,,,,,,
Kandi,Robbs,KR1105257,,,,,,,
Bettyann,Majewski,BM1793004,,,,,,,
Buena,Holz,BH5180498,,,,,,,
Clifton,Maher,CM5953073,,,,,,,
Hanh,Mccready,HM6358009,,,,,,,
Lilla,Messmer,LM2866419,,,,,,,
Lakeesha,Zeiler,LZ3491411,,,,,,,
Tarsha,Perryman,TP1763336,,,,,,,
Royal,Buesing,RB9890733,,,,,,,
Lorelei,Tindel,LT9079416,,,,,,,
Cherrie,Degraffenreid,CD5468673,,,,,,,
Dagny,Vanderhoof,DV8450788,,,,,,,
Roni,Bouska,RB1011757,,,,,,,
Layne,Wetherell,LW2305285,,,,,,,
Jeane,Stackpole,JS8450113,,,,,,,
Isaura,Raven,IR8591199,,,,,,,
Manuel,Youngquist,MY4815241,,,,,,,
Nicky,Ohern,NO2635337,,,,,,,
Thomasine,Deford,TD3895624,,,,,,,
Tameika,Reinbold,TR7594448,,,,,,,
Elayne,Shepherd,ES3174149,,,,,,,
Mckenzie,Straw,MS6751664,,,,,,,
Cliff,Vann,CV8877437,,,,,,,
Han,Heatherly,HH2506367,,,,,,,
Bret,Kwiecien,BK1501404,,,,,,,
Thea,Piekarski,TP3077211,,,,,,,
Barbra,Culligan,BC9739376,,,,,,,
Hyman,Fogarty,HF6545472,,,,,,,
Phil,Dinkins,PD8389279,,,,,,,
Danica,Varona,DV2286380,,,,,,,
Idell,Lufkin,IL6632164,,,,,,,
Nila,Jiggetts,NJ5738572,,,,,,,
Shanel,Postma,SP3252263,,,,,,,
Lon,Acey,LA2820431,,,,,,,
Simon,Huling,SH7055002,,,,,,,
Veronika,Thiry,VT5789531,,,,,,,
Soraya,Alvis,SA7105891,,,,,,,
Haydee,Dry,HD3830451,,,,,,,
Willetta,Conkle,WC8588562,,,,,,,
Marcell,Bruce,MB5957534,,,,,,,
Jadwiga,Rudloff,JR5693869,,,,,,,
Lurlene,Halfacre,LH9943618,,,,,,,
Venetta,Seeber,VS8457639,,,,,,,
Albertina,Scull,AS8486849,,,,,,,
Cherise,Coffelt,CC5874596,,,,,,,
Erline,Bay,EB6275821,,,,,,,
Queen,Rayo,QR9459149,,,,,,,
Spring,Bruneau,SB3629520,,,,,,,
Sharri,Yocum,SY5131524,,,,,,,
Terrell,Soltis,TS7356037,,,,,,,
Kyra,Melanson,KM6476232,,,,,,,
Leona,Wigington,LW4714503,,,,,,,
Micheline,Stephens,MS8089199,,,,,,,
Cathy,Days,CD1538865,,,,,,,
Antoinette,Paolucci,AP3603557,,,,,,,
Bettie,Kosak,BK6594050,,,,,,,
Renee,Minear,RM1939776,,,,,,,
Darryl,Smock,DS4918785,,,,,,,
Jena,Rodenberger,JR9519104,,,,,,,
Garnet,Curry,GC9356918,,,,,,,
Elene,Joye,EJ6215935,,,,,,,
Catrina,Omalley,CO3726745,,,,,,,
Eusebia,Bogart,EB9395503,,,,,,,
Kent,Sarmiento,KS1556422,,,,,,,
Eleanore,Para,EP8384171,,,,,,,
Erlene,Sapp,ES8048783,,,,,,,
Diedra,Corbell,DC8249428,,,,,,,
Chester,Leitner,CL5253482,,,,,,,
Julia,Cantor,JC7369692,,,,,,,
Ron,Laughridge,RL9002058,,,,,,,
Yuonne,Ruder,YR3101618,,,,,,,
Alleen,Skillman,AS6810900,,,,,,,
Sharonda,Reichel,SR6502545,,,,,,,
Daron,Hoopes,DH1137263,,,,,,,
Maryrose,Troester,MT5275991,,,,,,,
Letitia,Sturdivant,LS7259239,,,,,,,
Niki,Wu,NW2212196,,,,,,,
Maia,Valenzuela,MV8581954,,,,,,,
Buddy,Saliba,BS1428368,,,,,,,
Paris,Hagood,PH2453176,,,,,,,
Domingo,Finnell,DF3061747,,,,,,,
Maggie,Morgenstern,MM2038705,,,,,,,
Thomasena,Shanahan,TS3329637,,,,,,,
Mellissa,Pullum,MP5840437,,,,,,,
Georgianne,Malatesta,GM8131405,,,,,,,
Tammera,Kirkham,TK6253158,,,,,,,
Renata,Corum,RC1473078,,,,,,,
Else,Bernett,EB6631873,,,,,,,
Emiko,Bramblett,EB9025248,,,,,,,
Scottie,Wetzler,SW9335378,,,,,,,
Michell,Liebel,ML1570793,,,,,,,
Tandy,Beaulieu,TB4364484,,,,,,,
Ai,Gaston,AG8310061,,,,,,,
Marcus,Flick,MF4357993,,,,,,,
Parker,Rodas,PR9443027,,,,,,,
Cherrie,Tallmadge,CT5757331,,,,,,,
Kathlene,Cheeks,KC9800910,,,,,,,
Cristi,Cimini,CC7240461,,,,,,,
Edgardo,Badgett,EB6753578,,,,,,,
Shanika,Wess,SW7699486,,,,,,,
Ozella,Taul,OT4997555,,,,,,,
Emilio,Right,ER7534195,,,,,,,
Vannessa,Turcios,VT3421179,,,,,,,
Nadine,Glasgow,NG1655951,,,,,,,
Milford,Watchman,MW1623021,,,,,,,
Kimber,Troyer,KT1107577,,,,,,,
Lorretta,Hodges,LH6551504,,,,,,,
Mellie,Cockrum,MC5047952,,,,,,,
Marjorie,Swan,MS9771954,,,,,,,
Nancie,Bumbalough,NB8431032,,,,,,,
Ardelia,Canup,AC3864342,,,,,,,
Elisabeth,Whitby,EW1686551,,,,,,,
Elaina,Eisenman,EE8756919,,,,,,,
Tama,Pulver,TP4246392,,,,,,,
Adria,Fulop,AF1345702,,,,,,,
Manie,Creighton,MC9626171,,,,,,,
Kecia,Hanneman,KH5764053,,,,,,,
Karan,Weisman,KW1893485,,,,,,,
Shonda,Perla,SP3334667,,,,,,,
Otelia,Kaspar,OK7126792,,,,,,,
Micheal,Hudnall,MH6732488,,,,,,,
Brittany,Aumick,BA9096724,,,,,,,
Royal,Furlong,RF6454597,,,,,,,
Aurelio,Wideman,AW6939917,,,,,,,
Gayla,Halliwell,GH2232602,,,,,,,
Tonette,Myers,TM9434863,,,,,,,
Carline,Jetter,CJ3003174,,,,,,,
Jamie,Werth,JW4149413,,,,,,,
Gino,Davies,GD4107037,,,,,,,
Karisa,Greely,KG3256028,,,,,,,
Maragret,Schuman,MS2469673,,,,,,,
Scarlet,Abel,SA9435975,,,,,,,
Waneta,Cimini,WC3183667,,,,,,,
Magaly,Tootle,MT6622775,,,,,,,
Barbra,Taube,BT5020294,,,,,,,
Kermit,Gagnier,KG7341743,,,,,,,
Renna,Mcentire,RM6628182,,,,,,,
Omer,Kleven,OK8334446,,,,,,,
Robby,Simmers,RS5311267,,,,,,,
Yukiko,Funderburg,YF1740764,,,,,,,
Monte,Rounds,MR5592030,,,,,,,
Clotilde,Sisler,CS1493881,,,,,,,
Evan,Holladay,EH5731795,,,,,,,
Shayla,Kenney,SK3671727,,,,,,,
Paola,Winton,PW1568812,,,,,,,
Von,Treadwell,VT9084022,,,,,,,
Rachael,Devaney,RD6648606,,,,,,,
Cordelia,Wymore,CW5063794,,,,,,,
Ted,Bayne,TB5270578,,,,,,,
Evette,Dambrosia,ED3644347,,,,,,,
Lincoln,Rickman,LR1076575,,,,,,,
Moshe,Ring,MR8090633,,,,,,,
Carman,Terhaar,CT5213162,,,,,,,
Corinne,Shifflett,CS3936895,,,,,,,
Goldie,Litz,GL1936560,,,,,,,
May,Chmiel,MC9788843,,,,,,,
Edwina,Coddington,EC1594806,,,,,,,
Caridad,Yann,CY9694157,,,,,,,
Sarah,Braithwaite,SB5495746,,,,,,,
Tobie,Kistner,TK4446746,,,,,,,
Beverlee,Wolken,BW2992951,,,,,,,
Carolyn,Grasso,CG1178266,,,,,,,
Rochel,Boan,RB4376748,,,,,,,
Hortense,Scotti,HS9549155,,,,,,,
Domingo,Kelton,DK3034480,,,,,,,
Clark,Lone,CL1520827,,,,,,,
Zada,Lizaola,ZL2864028,,,,,,,
Tajuana,Augusta,TA4065014,,,,,,,
Donya,Benningfield,DB2334909,,,,,,,
Harold,Stebbins,HS6147795,,,,,,,
Eva,Stoller,ES4133011,,,,,,,
Oswaldo,Crosier,OC7170601,,,,,,,
Shery,Mccready,SM1846161,,,,,,,
Theron,Lenhardt,TL9650996,,,,,,,
Ashely,Covert,AC8345691,,,,,,,
Elden,Magers,EM3599561,,,,,,,
Ethyl,Devries,ED6822272,,,,,,,
Virgilio,Leonhardt,VL6287262,,,,,,,
Twila,Villalta,TV7373928,,,,,,,
Shandra,Burson,SB7159026,,,,,,,
Natalie,Dupler,ND4883974,,,,,,,
Deloras,Burkley,DB2526295,,,,,,,
Dani,Mcfarland,DM8915576,,,,,,,
Laurinda,Brenton,LB9857291,,,,,,,
Jovita,Branum,JB4367778,,,,,,,
Aleida,Samms,AS7112135,,,,,,,
Francoise,Dudgeon,FD3142818,,,,,,,
Dena,Gregoire,DG6836583,,,,,,,
Catherine,Freese,CF2413142,,,,,,,
Shanell,Satcher,SS8717423,,,,,,,
Malik,Propp,MP8351175,,,,,,,
Christiana,Adcox,CA6399316,,,,,,,
Debi,Kanagy,DK9529506,,,,,,,
Josefina,Bowlin,JB2486803,,,,,,,
Arthur,Minjares,AM1633703,,,,,,,
Ambrose,Furrow,AF2893727,,,,,,,
Karine,Hennessee,KH4484359,,,,,,,
Curt,Morita,CM5528139,,,,,,,
Tisha,Soderquist,TS5274468,,,,,,,
Colby,Primus,CP3198648,,,,,,,
Jeromy,Archibald,JA9374609,,,,,,,
Bruno,Densmore,BD2029224,,,,,,,
Kristyn,Weinstock,KW8270280,,,,,,,
Nana,Farner,NF9283032,,,,,,,
Boyd,Brasfield,BB1280952,,,,,,,
Marci,Barberio,MB1282095,,,,,,,
Angelica,Gonzalas,AG7027334,,,,,,,
Deeanna,Abdalla,DA4023072,,,,,,,
Lee,Biederman,LB3772329,,,,,,,
Buena,Beckmann,BB4213670,,,,,,,
Laticia,Alameda,LA1877892,,,,,,,
Gillian,Schimke,GS3478063,,,,,,,
Valery,Albertini,VA7855110,,,,,,,
Sherrill,Clyburn,SC6170459,,,,,,,
Tasha,Rakow,TR8413949,,,,,,,
Alecia,Lintner,AL8513641,,,,,,,
Jesenia,Saylors,JS8549894,,,,,,,
Latoria,Weisman,LW1809643,,,,,,,
Tarra,Arnott,TA8677854,,,,,,,
Saturnina,Tipping,ST4803499,,,,,,,
Traci,Rodriques,TR7478492,,,,,,,
Sandy,Torrence,ST1249288,,,,,,,
Yetta,Rouse,YR1724318,,,,,,,
Veronique,Hu,VH7056100,,,,,,,
Shavonda,Lamantia,SL6895874,,,,,,,
Halley,Mccool,HM1037084,,,,,,,
Lael,Grantham,LG6528760,,,,,,,
Carmelita,Imai,CI2427078,,,,,,,
Kiara,Alexis,KA5848909,,,,,,,
Corrine,Chynoweth,CC5464487,,,,,,,
Arden,Krieger,AK3663067,,,,,,,
Lizette,Caines,LC4971712,,,,,,,
Paz,Leisy,PL9426726,,,,,,,
Genia,Watrous,GW4850321,,,,,,,
Petrina,Ver,PV1545409,,,,,,,
Alan,Scroggins,AS5715737,,,,,,,
Laurena,Absher,LA9150805,,,,,,,
Geralyn,Emmons,GE2445262,,,,,,,
Yoko,Montana,YM6839809,,,,,,,
Lacey,Slaugh,LS8589478,,,,,,,
Yuriko,Edick,YE1086404,,,,,,,
Chong,Skow,CS7982635,,,,,,,
Rhonda,Thomas,RT4988459,,,,,,,
Deadra,Hollifield,DH8193821,,,,,,,
Retha,Arboleda,RA7673197,,,,,,,
Landon,Abe,LA5228061,,,,,,,
Samella,Shaughnessy,SS8557210,,,,,,,
Lonna,Solt,LS8396554,,,,,,,
Ranee,Mcgrew,RM5121726,,,,,,,
Aundrea,Glazer,AG8625079,,,,,,,
Tawanna,Priester,TP1473981,,,,,,,
Rosamaria,Sorrels,RS7707111,,,,,,,
Malinda,Vitolo,MV7309264,,,,,,,
Ninfa,Yokota,NY8212607,,,,,,,
Toby,Dunmire,TD4573344,,,,,,,
Cassy,Ramsdell,CR3231928,,,,,,,
Jena,Pelosi,JP3037014,,,,,,,
Leigha,Towry,LT5438215,,,,,,,
Elijah,Eder,EE3611819,,,,,,,
Shakira,Wiltshire,SW3925903,,,,,,,
Odis,Vancleave,OV8821039,,,,,,,
Isabell,Boan,IB5815726,,,,,,,
Gertrud,Cartledge,GC8387111,,,,,,,
Raina,Kapoor,RK5677677,,,,,,,
Isis,Krings,IK1983475,,,,,,,
Viola,Devlin,VD9426400,,,,,,,
Viki,Perone,VP2769529,,,,,,,
Felica,Granado,FG6998406,,,,,,,
Meagan,Huggett,MH6808354,,,,,,,
Mirtha,Defore,MD9864189,,,,,,,
Angelia,Mcclean,AM3461795,,,,,,,
Maye,Rodriques,MR4784910,,,,,,,
Kathern,Leech,KL1508990,,,,,,,
Era,Peele,EP4726121,,,,,,,
Leeann,Weatherbee,LW8468385,,,,,,,
Suzann,Lightford,SL2826522,,,,,,,
Imelda,Pitcock,IP6361715,,,,,,,
Matthew,Neal,MN9190655,,,,,,,
Leida,Armes,LA5580589,,,,,,,
Monte,Finneran,MF2289763,,,,,,,
Janina,Stepney,JS4028605,,,,,,,
Kip,Seltzer,KS9159361,,,,,,,
Fermina,Oatis,FO4560653,,,,,,,
Sebastian,Rothe,SR1942555,,,,,,,
Tory,Torgeson,TT2491642,,,,,,,
Amelia,Stonecipher,AS3925947,,,,,,,
Nichelle,Freund,NF2010442,,,,,,,
Theodore,Krieg,TK3810329,,,,,,,
Demetrius,Weiler,DW9761800,,,,,,,
Debera,Tharpe,DT9463190,,,,,,,
Pearlene,Klemme,PK8596276,,,,,,,
Ashlee,Toledo,AT8056601,,,,,,,
Regenia,Tarr,RT9673618,,,,,,,
Donny,Mosley,DM9107843,,,,,,,
Jama,Meaders,JM8634414,,,,,,,
Neil,Hammill,NH1830759,,,,,,,
Nena,Strobel,NS2357828,,,,,,,
Brandee,Verde,BV7482677,,,,,,,
Cassey,Sprankle,CS1010641,,,,,,,
Mariel,Minton,MM2550060,,,,,,,
Kristan,Bulfer,KB1146899,,,,,,,
Tu,Harrell,TH1335179,,,,,,,
Shavonne,Neihoff,SN5928096,,,,,,,
Marline,Dewar,MD6063659,,,,,,,
Etha,Nelligan,EN8929564,,,,,,,
Vincenza,Steffens,VS4576797,,,,,,,
Macie,Canales,MC1390264,,,,,,,
Doug,Mehr,DM8892060,,,,,,,
Emelda,Pfarr,EP4718402,,,,,,,
Ada,Davilla,AD5211128,,,,,,,
Tawana,Ardoin,TA2936885,,,,,,,
Brooks,Weitzel,BW5048880,,,,,,,
Marina,Fragale,MF5606751,,,,,,,
Lizeth,Ybarbo,LY5677683,,,,,,,
Tonia,Duda,TD6347433,,,,,,,
Keesha,Irick,KI5389530,,,,,,,
Donnette,Geraci,DG1406515,,,,,,,
Dreama,Needles,DN7216229,,,,,,,
Denny,Liechty,DL9081576,,,,,,,
Louann,Grimm,LG2328927,,,,,,,
Adele,Crowther,AC8454607,,,,,,,
Ashanti,Files,AF1552718,,,,,,,
Waylon,Mccaster,WM4121722,,,,,,,
Kaitlyn,River,KR3178107,,,,,,,
Loria,Primeaux,LP7175625,,,,,,,
Amal,Colegrove,AC7848835,,,,,,,
Suzette,May,SM7262843,,,,,,,
Sharan,Brandel,SB7560666,,,,,,,
Troy,Kellen,TK6716557,,,,,,,
Dana,Burch,DB9829228,,,,,,,
Claude,Obando,CO3510002,,,,,,,
Wiley,Donato,WD8941114,,,,,,,
Weston,Conard,WC2735677,,,,,,,
Rocio,Spicher,RS6067520,,,,,,,
Lakeisha,Lawry,LL2032485,,,,,,,
Arnoldo,Britto,AB3631527,,,,,,,
Jolene,Guider,JG4453077,,,,,,,
Gaston,Bittinger,GB8454460,,,,,,,
Andrew,Books,AB5715558,,,,,,,
Leighann,Paredez,LP7520356,,,,,,,
Wayne,Robards,WR7455576,,,,,,,
Ambrose,Bober,AB3153693,,,,,,,
Janae,Hemmings,JH9855469,,,,,,,
Isa,Hepler,IH9110786,,,,,,,
Mariela,Poquette,MP4484911,,,,,,,
Brent,Allsup,BA9685413,,,,,,,
Gino,Cardwell,GC5042655,,,,,,,
Dreama,Geiser,DG6409356,,,,,,,
Candra,Angeles,CA5706423,,,,,,,
Yon,Achenbach,YA6815802,,,,,,,
Ray,Fee,RF5148908,,,,,,,
Elias,Polen,EP1507509,,,,,,,
Doyle,Weeks,DW9527432,,,,,,,
Emiko,Sackett,ES3729942,,,,,,,
Dione,Stupka,DS7899171,,,,,,,
Vernia,Enciso,VE3168869,,,,,,,
Waylon,Hafer,WH9097402,,,,,,,
Tiffany,Ries,TR8225258,,,,,,,
Mitzi,Cratty,MC8365380,,,,,,,
Jesus,Swope,JS7463553,,,,,,,
Yuki,Shoaf,YS8495357,,,,,,,
Venessa,Sartain,VS7356904,,,,,,,
Laurine,Ramos,LR6622497,,,,,,,
Hilary,Garibaldi,HG6124425,,,,,,,
Ron,Homan,RH7953267,,,,,,,
Joanna,Goodpaster,JG4304187,,,,,,,
Aiko,Liebold,AL8268854,,,,,,,
Patrica,Asbill,PA4551776,,,,,,,
Myrl,Eriksen,ME1597139,,,,,,,
Oleta,Moret,OM2371335,,,,,,,
Carita,Fifield,CF2825822,,,,,,,
Glory,Mckeown,GM3204081,,,,,,,
Hallie,Joshi,HJ7670576,,,,,,,
